-- MySQL dump 10.13  Distrib 5.7.17, for Win64 (x86_64)
--
-- Host: 192.168.99.100    Database: from_cloud
-- ------------------------------------------------------
-- Server version	5.7.23

/*!40101 SET @OLD_CHARACTER_SET_CLIENT=@@CHARACTER_SET_CLIENT */;
/*!40101 SET @OLD_CHARACTER_SET_RESULTS=@@CHARACTER_SET_RESULTS */;
/*!40101 SET @OLD_COLLATION_CONNECTION=@@COLLATION_CONNECTION */;
/*!40101 SET NAMES utf8 */;
/*!40103 SET @OLD_TIME_ZONE=@@TIME_ZONE */;
/*!40103 SET TIME_ZONE='+00:00' */;
/*!40014 SET @OLD_UNIQUE_CHECKS=@@UNIQUE_CHECKS, UNIQUE_CHECKS=0 */;
/*!40014 SET @OLD_FOREIGN_KEY_CHECKS=@@FOREIGN_KEY_CHECKS, FOREIGN_KEY_CHECKS=0 */;
/*!40101 SET @OLD_SQL_MODE=@@SQL_MODE, SQL_MODE='NO_AUTO_VALUE_ON_ZERO' */;
/*!40111 SET @OLD_SQL_NOTES=@@SQL_NOTES, SQL_NOTES=0 */;

--
-- Table structure for table `ClubMember`
--

DROP TABLE IF EXISTS `ClubMember`;
/*!40101 SET @saved_cs_client     = @@character_set_client */;
/*!40101 SET character_set_client = utf8 */;
CREATE TABLE `ClubMember` (
  `ID` int(10) NOT NULL,
  `intNo` smallint(5) DEFAULT NULL,
  `fname` varchar(255) COLLATE utf8_unicode_ci DEFAULT NULL,
  `lname` varchar(255) COLLATE utf8_unicode_ci DEFAULT NULL,
  `nname` varchar(255) COLLATE utf8_unicode_ci DEFAULT NULL,
  `address` varchar(255) COLLATE utf8_unicode_ci DEFAULT NULL,
  `road` varchar(255) COLLATE utf8_unicode_ci DEFAULT NULL,
  `subdistrict` varchar(255) COLLATE utf8_unicode_ci DEFAULT NULL,
  `district` varchar(255) COLLATE utf8_unicode_ci DEFAULT NULL,
  `province` varchar(255) COLLATE utf8_unicode_ci DEFAULT NULL,
  `PostCode` varchar(255) COLLATE utf8_unicode_ci DEFAULT NULL,
  `address2` longtext COLLATE utf8_unicode_ci,
  `homeNo` varchar(255) COLLATE utf8_unicode_ci DEFAULT NULL,
  `telNo` varchar(255) COLLATE utf8_unicode_ci DEFAULT NULL,
  `telNo2` varchar(255) COLLATE utf8_unicode_ci DEFAULT NULL,
  `Email` varchar(255) COLLATE utf8_unicode_ci DEFAULT NULL,
  `workplace` varchar(255) COLLATE utf8_unicode_ci DEFAULT NULL,
  `gender` varchar(255) COLLATE utf8_unicode_ci DEFAULT NULL,
  `position` varchar(255) COLLATE utf8_unicode_ci DEFAULT NULL,
  `status` varchar(255) COLLATE utf8_unicode_ci DEFAULT NULL,
  PRIMARY KEY (`ID`)
) ENGINE=InnoDB DEFAULT CHARSET=utf8 COLLATE=utf8_unicode_ci;
/*!40101 SET character_set_client = @saved_cs_client */;

--
-- Dumping data for table `ClubMember`
--

LOCK TABLES `ClubMember` WRITE;
/*!40000 ALTER TABLE `ClubMember` DISABLE KEYS */;
INSERT INTO `ClubMember` VALUES (1,42,'บุญเกียรติ','สิริมนตรภรณ์','เคี้ยง','691','ซ.พระแม่มารี ถ.จันทร์','','ยานนาวา','กรุงเทพมหานคร','','','','','','','','','','ปกติ'),(2,42,'องอาจ','พงษ์ปรีชา','หมู','155','ม.8 ซ.เสนาสฤษเดช ถ.กรุงเทพ-นนทบุรี','','อ.เมือง','นนทบุรี','','','','','','','','','','ปกติ'),(3,43,'เพิ่ม','หมื่นรักษ์','','63','ม.เสรี 1 ซ. 8  ถ.เสรี 7','','ประเวศ','กรุงเทพมหานคร','','','','','','','','','','ที่อยู่ไม่ชัดเจน'),(4,43,'วิบูลย์','ธราธิป','','77','ม.เสรี ซ. 19 ข ถ.รามคำแหง','','บางกะปิ','กรุงเทพมหานคร','','','','','','','','','','ปกติ'),(5,43,'สรรชัย','วงศ์ถาวราวัฒน์','หยี','63','ม.เสรี ซ.19 ก','หัวหมาก','บางกะปิ','กรุงเทพมหานคร','10240','','','','','','','','','ต้องมา'),(6,44,'ชรัตน์','สว่างวรรณ์','ฮ้อ','11/15','ซ.ชินเขต 1/29 ถ.งามวงศ์วาน','','หลักสี่','กรุงเทพมหานคร','','','','','','','บจก.คูลลิ่งแอนด์คอลโทรลส์เอ็นจิเนียริ่ง 226/8 ถ.พหลโยธิน สามเสนใน พญาไท กทม. 10400','','','ปกติ'),(7,45,'อ.วิจิตรวรรณ','ประกอบสันติสุข','','13/1','ตรอกสุริวงศ์ ถ.ประชาธิปก','','ธนบุรี','กรุงเทพมหานคร','','','','','','','','','','ปกติ'),(8,46,'ชวลิต','เลิศสุโภชวนิชย์','ลิต','585/102','อาคารซิตี้โฮมA ชั้น7 ถ.จรัญสนิทวงศ์','','บางพลัด','กรุงเทพมหานคร','','','','081-612-3184','','','','','','ปกติ'),(9,47,'สุธี','ประยูรพฤฒามร','','21','ซอยแมนชะโด3 ถ.ประชาร่วมใจ','','เขตคลองสามวา','กรุงเทพมหานคร','','','','085-1006046','','','','','','ปกติ'),(10,48,'กฤษฎา','ศุภอมรกุล','','836','ม.2 ซ.6 ถ.งามวงศ์วาน','บางเขน','อ.เมือง','นนทบุรี','11000','','','','','','','','','ปกติ'),(11,49,'ชัชวาลย์','ชนวิริยะ','','124/1','ซ.สุขุมวิท 33','','เขตคลองเตย','กรุงเทพมหานคร','','','','','','','บริบูรณ์อุตสาหกรรมเหล็ก บจก. 947 อาคารทศพลแลนด์ ถ.บางนา-ตราด บางนา กทม. 10260','','','ปกติ'),(12,49,'ประเสริฐ','ภัทรมัย','','99/12','ซ.รามคำแหง 118 ถ.รามคำแหง','','สะพานสูง','กรุงเทพมหานคร','10240','','','','','','บ.ทีมคอนซัลติ้งเอนจิเนียร์จำกัด 151 อาคารทีม ถ.นวลจันทร์ แขวงคลองกุ่ม บืงกุ่ม กทม. 10230','','','ปกติ'),(13,49,'วีระ','สุธรีโสภณ','','83/6','ถ.วิทยุ','','ปทุมวัน','กรุงเทพมหานคร','','','','','','','วีรสุ กรุ๊ป บจก. 83/7 ถ.วิทยุ ลุมพินี ปทุมวัน กทม. 10330','','','ปกติ'),(14,49,'สมชาย','โลห์วิสุทธิ์','','9/27','ริเวอร์ไซด์เพลส ถ.พิบูลสงคราม','','','กรุงเทพมหานคร','11000','','','081-6134684','','','','','','ต้องมา'),(15,50,'วีระพงษ์','ขจรวงษ์','พงษ์','43/25','ม.2 ถ.รังสิต - องค์รักษ์','บึงยี่โถ','ธัญบุรี','ปทุมธานี','12130','','','081-7542318','','cueagolf@gmail.com','SKY COMMERCIAL CO., LTD. 484 ซ.จรัญสนิทวงศ์ 66/1 ถ.จรัญสนิทวงศ์ บางพลัด กทม. 10700','','','ปกติ'),(16,52,'บุญคลี','ปลั่งศิริ','คลี','322/151','ม.อยู่เจริญ ซ.12 ถ.อโศก-ดินแดง','','ห้วยขวาง','กรุงเทพมหานคร','10310','','','','','','ชิน คอร์ปอเรชั่น บจก. 414 ถ.พหลโยธิน สามเสนใน พญาไท กทม. 10400','','','ปกติ'),(17,52,'วรศักดิ์','เทอดเทพพิทักษ์','ไชยา','210/276','ม.เมืองทอง 2/2 ซ.10 ถ.พัฒนาการ','ประเวศ','พระโขนง','กรุงเทพมหานคร','10250','','','','','','รีเซิซโปรดัก แอนด์ เอ็นจิเนียริ่ง บจก. 116/20-21 ถ.รางน้ำ พญาไท ราชเทวี กทม. 10400','','','ปกติ'),(18,54,'บรรพต','อภิกีรติกุล','พต','132','หมู่บ้านชวนชื่น ซ.2 ถ.ทนุรัตน์','แขวงทุ่งวัดดอน','สาทร','กรุงเทพมหานคร','10120','','','081-8492792','','banphota@inet.co.th','ลุฟท์เทค บจก. 1800/19 ซ.54/1 ถ.สุขุมวิท บางจาก พระโขนง กทม. 10250','','','ปกติ'),(19,54,'ภูวดล','อึ้งบริบูรณ์ไพศาล','','2351/5','ซ.มหาดไทย 1 ถ.รามคำแหง','หัวหมาก','บางกะปิ','กรุงเทพมหานคร','10240','','','081-3538720','','','พียูแอสโซซิเอทส์ บจก. 21/161 ซ.ลาดพร้าว 15 ถ.ลาดพร้าว ลาดยาว จตุจักร กทม. 10900','','','เปลี่ยนที่อยู่'),(20,54,'วิสุทธิ์','จิราธิยุต','-','2218/82','ถ.จันทน์เก่า ซ.7','','ยานนาวา','กรุงเทพมหานคร','','','','081-735-5203','','visuth@hotmail.com','บริษัท สยามสติล ซินดิเกต จำกัด (มหาชน)  ','','','ปกติ'),(21,54,'เสวก','ศรีสุชาติ','','2102/138','ถ.รามคำแหง','หัวหมาก','บางกะปิ','กรุงเทพมหานคร','10240','','','','','','เพาเวอร์ไลน์ เอ็นจิเนียริ่ง บมจ.2 ซ.สุขุมวิท 81 (ศิริพจน์) ถ.สุขุมวิท บางจาก พระโขนง กทม. 10250','','','ปกติ'),(22,54,'อริชัย','วรรธนะภัฏ','เด๋อ','4','งามวงศ์วาน29 ถ.งามวงศ์วาน','บางเขน','เมืองนนทบุรี','นนทบุรี','11000','','025914373','0984416165','','varichai@yahoo.com','','','','เปลี่ยนที่อยู่'),(23,55,'ดำรง','ทวีแสงสกุลไทย','','51/8','ถ.สุขุมวิท 39','พระโขนง','คลองเตย','กรุงเทพมหานคร','10110','','','','','','ภาควิชาวิศวกรรมอุตสาหการ จุฬาลงกรณ์มหาวิทยาลัย ถ.พญาไท วังใหม่ ปทุมวัน กทม. 10330','','','ปกติ'),(24,55,'แมน','กิติภูมิชัย','','107/7','ซ.8 สัมมากร 2 ถ.สุขาภิบาล3','สะพานสูง','บึงกุ่ม','กรุงเทพมหานคร','10240','','','081-8392978','','','ไทยฟิน บจก. 653/2 นิคิมอุตสาหกรรมบางปู 1บี ต.บางปูใหม่ อ.เมือง จ.สมุทรปราการ 10280','','','ปกติ'),(25,55,'วิจิตรวรรณ','ประกอบสันติสุข','-','99/219','ซอยเบญขมิตร ถนนแจ้งวัฒนะ','','หลักสี่','กรุงเทพ','10210','','29861044','818165496','','-','','หญิง','','ปกติ'),(26,56,'ประมุข','ธนะพรพันธุ์','มุข','205/243','หมู่ 6 ซ.ผาสุกสันติ 63 ถ.พัฒนาการ','ประเวศ','พระโขนง','กรุงเทพมหานคร','10250','','','','','','การบินไทย บมจ. 89 ฝ่ายเครื่องฝึกบินจำลอง ถ.วิภาวดี-รังสิต จอมพล จตุจักร กทม. 10900','','','ปกติ'),(27,56,'มานะ','มหาสุวีรชัย','นะ','111/153','ถ.นครสวรรค์','','ป้อมปราบ','กรุงเทพมหานคร','10100','','','','','','เอ็ม.วี.เอส. คอนซัลแตนท์ บจก. 111/171 ถ.นครสวรรค์ ป้อมปราบศัตรูพ่าย กทม. 10100','','','ปกติ'),(28,56,'สุชาติ','มงคลอารีย์พงษ์','ชาติ','350/14','ม.ศรีกรุง ถ.พระราม 3','','ยานนาวา','กรุงเทพมหานคร','10120','','','','','','เจตาแบค บจก. 335/7 อาคารจีทีบี ถ.ศรีนครินทร์ หนองบอน ประเวศ กทม. 10250','','','ปกติ'),(29,57,'ศิริชัย','ช่างวิชชุการ','ช่าง','10/61','หมู่ 8 ถ.เพชรเกษม 77','หนองค้างพลู','หนองแขม','กรุงเทพมหานคร','10160','','','081-4888987','','','แอโรฟิล บจก. 201/218-219 ซ.พัฒนาการ 79 ถ.พัฒนาการ ประเวศ กทม. 10250','','','ปกติ'),(30,57,'ศุภชัย','รัตน์ประสาทพร','','645/46','ม. รามทาวน์เฮาส์ ถ.สุขาภิบาล 3','หัวหมาก','บางกะปิ','กรุงเทพมหานคร','10240','','','','','','','','','ปกติ'),(31,58,'ชุมพร','คูร์พิพัฒน์','สู','247/82','หมู่ 3 ม.สัมมากร ซ.25/10 ถ.รามคำแหง','','สะพานสูง','กรุงเทพมหานคร','10240','','','081-8246260','','ckoopipat@msn.com','ถิรไทย บจก. 516 หมู่ 4 นิคมฯ บางปู ต.แพรกษา อ.เมือง จ.สมุทรปราการ 10280','','','ปกติ'),(32,58,'วุฒิชัย','พรพิริยะกุลชัย','','56/244','ซ. น้ำใส ถ.พหลโยธิน 59','คลองถนน','บางเขน','กรุงเทพมหานคร','10400','','','','','','บาธแอนด์ สปา บจก. 1322 ถ.สุทธิสารวินิจฉัย ห้วยขวาง กทม. 10310','','','ปกติ'),(33,59,'วีรพจน์','ลือประสิทธิ์สกุล','ดำ','36','สุขุมวิท ซ.34','แขวงคลองตัน','เขตคลองเตย','กรุงเทพมหานคร','10140','','','089-6612667','','vl@tqmbest.com','TQM BEST CO., LTD. 36 ซ.สุภางศ์ ถ.สุขุมวิท 34 คลองตัน คลองเตย กทม. 10110','','','ต้องมา'),(34,60,'อภิศักดิ์','จุลยา','ยาว','128/31','หมู่ 3 หมู่บ้านนริศา ซ.15 ถ.ประชาอุทิศ 78/1','','เขตทุ่งครุ','กรุงเทพมหานคร','','','','086-3177070','','abc320@gmail.com','NIPA Technology co.ltd','','','ปกติ'),(35,60,'อุดม','ทองทั้งวงศ์','','112/5','ซ.วิสุทธิจิต ถ.เอกชัย','','บางขุนเทียน','กรุงเทพมหานคร','10500','','','','','','ประเสริฐอุตสาหกรรม บจก. 113/21-23 ซ.วิสุทธิจิตต์ ถ.เอกชัย บางขุนเทียน กทม. 10150','','','ต้องมา'),(36,61,'ชัยยันต์','เอื้อเกษม','ยันต์','13-15','ถ.อิสรภาพ','แขวงสมเด็จเจ้าพระยา','เขตคลองสาน','กรุงเทพมหานคร','10600','','24376291','814411480','','chaiyunu@hotmail.com','ชามายา (ไทยแลนด์) บจก. 142/16 หมู่ 6 ถ.เพชรเกษม ต.ท่าข้าม อ.สามพราน จ.นครปฐม 73110','','','ปกติ'),(38,61,'โกมินทร์','พิมทะโนทัย','โก','1241','ม.ไทยศิริ ลาดพร้าว94','','วังทองหลาง','กรุงเทพมหานคร','','','','818072425','','kominpim@yahoo.com','MK','ชาย','','ต้องมา'),(39,61,'จันทรรัตน์','ธีรเวชฑณ','เป็ด','88/8','หมู่ 8 ชวนชื่นฟลอร่าวิลล์','บางคูวัด','เมือง','ปทุมธานี','12000','','','816453345','','jantarat_i@yahoo.com','บจก.กระจกโชติภัทร 152/1 หมู่ 6 ถ.รังสิต-ปทุมธานี ต.บางพูน อ.เมือง จ.ปทุมธานี 12000','หญิง','ปีก','ต้องมา'),(40,61,'มานะ','จรูญพงษ์ศักดิ์','จื้อ','104/8','ถ. ลาดพร้าว106','','วังทองหลาง','กรุงเทพมหานคร','10310','','','081-8473418','089-2012659','mana_thai@hotmail.com','','','','ปกติ'),(41,61,'มานิต','บูรณะเศรษฐกุล','นิต','139/1','ถ.กรุงเกษม','','เขตป้อมปราบฯ','กรุงเทพมหานคร','','','','081-8435051','','bmanit@hotmail.com','','','','ต้องมา'),(42,61,'โสภณ','ว่องวงศ์ศรี','อุ่ย','21/191','ม.คลองจั่นวิลล่า 4 ถ.รามคำแหง','แขวงสะพานสูง','เขตบึงกุ่ม','กรุงเทพมหานคร','10250','','','','','','ทีทีแอนด์ที บมจ. 252/30-34 อาคารเมืองไทยภัทรคอมเพล็กซ์ ถ.รัชดาภิเษก ห้วยขวาง กทม. 10320','','','เสียชีวิตแล้ว'),(43,61,'กิตติ','ศรีสวัสดิ์พงษ์','ส่วน','125/25','ถ.รามอินทรา103/3','','คันนายาว','กรุงเทพมหานคร','10230','','29178250','081-4850566','','kittikasorn@yahoo.com','เคหะเซนเตอร์ บจก. 40/5-6 หมู่ 18 ถ.เชื่อมสัมพันธ์ กระทุ่มราย หนองจอก กทม. 10530','ชาย','ปีก,การ์ด','ปกติ'),(44,62,'ก้อง','รุ่งสว่าง','','600/933','ลีวลี 3/3 ถ.พหลโยธิน','ต.คูคต','อ.ลำลูกกา','ปทุมธานี','12130','','','','','','ปตท. บริหารธุรกิจค้าปลีก บจก. 2/4 อาคารสามัคคีนอร์ธปาร์ค ชั้น 11 ถ.วิภาวดี-รังสิต หลักสี่ กทม. 10210','','','เปลี่ยนที่อยู่'),(45,62,'เชิดศักดิ์','ศรีกิติพันธุ์','เชิด','69/137','ถ.ลำลูกกา','','อ.ลำลูกกา','จ.ปทุมธานี','','','','081-824-1366','','cherdsak.sr@hotmail.com','','','','ที่อยู่ไม่ชัดเจน'),(46,62,'ไชยยา','หาญวิวัฒน์วงศ์','ตุ้ม','250/66','ซ. 1/1 หมู่บ้านกรีนวิวล์ ถนนพุทธมณฑล สาย 2','','เขตทวีวัฒนา','กรุงเทพมหานคร','','','','081-813-3590','','chaiya.hanvivat@gmail.com','บริษัท ช.การช่าง จำกัด','ชาย','ผู้จัดการโครงการ','ปกติ'),(47,62,'นำพล','ลิ้มประเสริฐ','เปี๊ยก','14/2','ถ.ถวาย','ต.ท่าฉลอม','อ.เมือง','จ.สมุทรสาคร','74000','','','','','','ผลิตและก่อสร้าง บจก. 1516 ถ.ประชาราษฎร์ 1 บางซื่อ กทม. 10800','','','ปกติ'),(48,63,'วัชระ','พรรณเชษฐ์','โด่ง','100/1','รามคำแหง 9','','หัวหมาก','กรุงเทพมหานคร','10240','','','','','vchra@msc.co.th','สิทธิผล เซลส์ บจก. 156 ถ.รามคำแหง หัวหมาก บางกะปิ กทม. 10240','','','ปกติ'),(49,63,'วันชัย','เชิดหิรัญกร','จั๊ว','400/3','ม.ศรีนครพัฒนา 1 ถ.สุขาภิบาล 1','คลองกุ่ม','บึงกุ่ม','กรุงเทพมหานคร','10240','','','','','','อัครกร ดีเวลลอปเม้นท์ บจก. 2104/42-43 ซ.รามคำแหง 26/2 ถ.รามคำแหง หัวหมาก บางกะปิ กทม. 10240','','','ปกติ'),(50,63,'วีระชัย','กาญจนวัฒนา','เม้ง','79/59','หมู่ 8 หมู่บ้าน ธารารมณ์','','เขตสะพานสูง','กรุงเทพมหานคร','10240','','','081-8063765','','werachai@pentech.co.th','Pen-Tech','','','ปกติ'),(51,63,'ไวฑูรย์','โภคาชัยพัฒน์','เซ่อ','55','ถ.อิสรภาพ','','บางกอกน้อย','กรุงเทพมหานคร','10600','','','','','','TRIS','','','ที่อยู่ไม่ชัดเจน'),(52,63,'อำพล','ศิรินรกุล','จิ๋ว','787','ม.ศิวาลัย ถ.อิสรภาพ','วัดอรุณ','บางกอกใหญ่','กรุงเทพมหานคร','10600','','','','','','PANTECH R&D 177/20 หมู่ 5 ต.หนองขาม อ.ศรีราชา จ.ชลบุรี 20232','','','ปกติ'),(53,64,'จาตุรนต์','เชิดรัญ','โป้','73/1','สุขุมวิท 68','บางนา','พระโขนง','กรุงเทพมหานคร','10260','','','','','','','','','ปกติ'),(54,64,'นพดล','กาญจนทวีวัฒน์','','1006','ซ.สุขุมวิท 101','บางจาก','พระโขนง','กรุงเทพมหานคร','10260','','','','','','','','','ปกติ'),(55,64,'ปิยะพงศ์','จริยเศรษฐพงศ์','','181/3','ซ.สายสิน ถ.ประชาชึ่น','','บางซื่อ','กรุงเทพมหานคร','10800','','','','','','','','','ปกติ'),(56,64,'พัฒนา','วงศ์ทองศรี','อูเว','492','เจริญกรุง 109','บางคอแหลม','บางคอแหลม','กรุงเทพมหานคร','10120','','','','','','','','','ปกติ'),(57,64,'อยู่ศักดิ์','สุพรรณสาลีกุล','','812/112','ซ.ประขาชื่น 24 ถ.ประชาชื่น','','บางซื่อ','กรุงเทพมหานคร','10800','','','','','','เค แอนด์ ซี คอนสตรัคชั่น บจก.','','','ปกติ'),(58,64,'อูเอ','วงศ์ทยาศรี','เอ','492','ซ.ศรีอยุธยา 2 ถ.รางน้ำ','','ราชเทวี','กรุงเทพมหานคร','10400','','','081-9130571','','uwe@wangchao.co.th','บ.อู่เรือวังเจ้า 492 ซ.ต้นโพธิ์ ถ.เจริญกรุง 109 บางคอแหลม กทม. 10120','','','เปลี่ยนที่อยู่'),(59,65,'ชวลิต','จินดาวณิค','ตั๊ว','38/32','ซ.งามดูพลี ถ.พระราม 4','ทุ่งมหาเมฆ','สาทร','กรุงเทพมหานคร','10120','','','081-811-8771','','chavalit@kiatnakin.co.th','ธนาคารเกียรตินาคิน','','','ปกติ'),(60,65,'ชูรัตน์','วินิจธรรมกุล','','199/52','ซ.รัชดาภิเษก 25','','บางกอกใหญ่','กรุงเทพมหานคร','','','','085-8252511','','','การบินไทย บมจ. 89 ถ.วิภาวดี-รังสิต บางเขน กทม. 10220','','','ปกติ'),(61,65,'ญาณศักดิ์','มโนมัยพิบูลย์','ญาณ','58','ซ.วชิรธรรมสาธิต57แยก34','บางจาก','พระโขนง','กรุงเทพมหานคร','10260','','','081-8378416','','yarnsak@gmail.com','สมาคมบริษัทหลักทรัพย์ไทย ชั้น 5 อาคารชุดเลครัชดาออฟฟิคตอมเพล็กซ์2 คลองเตย กรุงเทพ 10110','','ปีก','ปกติ'),(62,65,'ประดิษฐ์','พันธุ์รัศมีทอง','ดิษฐ์','282/57','ม.จักรพงศ์ 4 ถ.ลาดพร้าว 71','พระโขนง','คลองเตย','กรุงเทพมหานคร','10110','','','','','','ECONLITE MANUFACTURING (THAILAND) 407 ซ.นราธิวาสราชนครินทร์ 10 ถ.นราธิวาสราชนคริทร์ ทุ่งวัดดอน สาทร กทม. 10120','','','ปกติ'),(63,65,'พิริยะ','เลาหพิพัฒนา','จิง','779/101','ซ.อยู่เจริญ 29 ถ.รัชดาภิเษก','','ห้วยขวาง','กรุงเทพมหานคร','','','026913364','0818298345','','l_piriya@hotmail.com','ติวเตอร์พับบลิชเชอร์ บจก 779/101. ซ.อยู่เจริญ 29 ถ.รัชดาภิเษก สามเสนนอก ห้วยขวาง กทม. 10310','','ปีก','ต้องมา'),(64,65,'วีรณัต','กฤษณามระ','วี','112/19','ซ.ลาดพร้าว35 ถ.ลาดพร้าว','จันทรเกษม','จตุจักร','กรุงเทพมหานคร','10900','','','0818263012','','veranutkr@gmail.com','','','Center','ปกติ'),(65,65,'สาธิต','วิทยากร','หมอ','47/62','ซ. เอกมัย 12 ถ.สุขุมวิท 63','คลองตัน','คลองเตย','กรุงเทพมหานคร','10110','','','','','','โรงพยาบาลกรุงเทพ','','','ต้องมา'),(66,65,'สาโรช','เกียรติเฟื่องฟู','โฉ','90/7','ซ.31(สวัสดี) ถ.สุขุมวิท','คลองตัน','คลองเตย','กรุงเทพมหานคร','10110','','','089-8146740','','skiatfu@ford.com','เอ็ม เอ็ม ซี สิทธิผล บจก. 1990 ถ.รามคำแหง หัวหมาก บางกะปิ กทม. 10240','','','ปกติ'),(67,65,'สุทิน','วรสง่าศิลป์','ทิน','532','ถ.สุขุมวิท','ต.แสนสุข','อ.เมือง','จ.ชลบุรี','20130','','','081-9948878','','sutin899@gmail.com','บ.ตะวันออกสตีลจำกัด','','','ปกติ'),(68,65,'สุพจน์','เพชราภิรัชต์','ตุ๋ย','312','หมู่ 5','ต.บ้านหม้อ','อ.เมือง','จ.เพชรบุรี','76000','','','081-9811988','','supot_pet@yahoo.com','สยามนิสสันประจวบคีรีขันธ์ บจก. (สาขาปราณบุรี) 567 หมู่ 1 ถ.เพชรเกษม ต.หนองตาแต้ม อ.ปราณบุรี จ.ประจวบคีรีขันธ์ 77120','','','ปกติ'),(69,65,'อุดมวิทย์','กฤษณามระ','จุ๊ย','112/19','ลาดพร้าว35','','เขตจตุจักร','กรุงเทพมหานคร','10900','','','898416399','','udomvit.k@thaiairways.com','การบินไทย บมจ. 89 ถ.วิภาวดี-รังสิต จตุจักร กทม. 10900','ชาย','การ์ด','ปกติ'),(70,66,'คีรินทร์','ชูธรรมสถิตย์','เล็ก','51/99 หมู่ 7','ถ.บางนา ตราด','บางแก้ว','เขตบางพลื','สมุทรปราการ','10540','','','0924562456','','keerin@yahoo.com','','','การ์ดนอก','ปกติ'),(71,66,'ชัยศักดิ์','ศรีเศรษฐนิก','เคี้ยว','163/92','163/92ซ.เสนานิคม1 ถ.พหลโยธิน32','','จตุจักร','กรุงเทพมหานคร','','','','081-3587000','','chaisaks@bts.co.th','BTSC','','','ปกติ'),(72,66,'ชาตรี','ประวีณเมธ','','42','สวนหลวง 1','วังใหม่','ปทุมวัน','กรุงเทพมหานคร','10500','','','','','','','','','เปลี่ยนที่อยู่'),(73,66,'ทรงศักดิ์','เทพสุวรรณวร','ลี้','244/343','หมู่บ้านวังมุกแลนด์','ต.แสนสุข','อ.เมือง','จ.ชลบุรี','20130','','','081-9112380','','songsak@thongchai.th.com','','','','ปกติ'),(74,66,'นพดล','กุลวิทย์','ดล','120/208','ม.สมฤดี ซ.สวนหลวง ถ.ธนสิทธิ์(เทพารักษ์ กม.14)','ต.บางปลา','อ.บางพลี','จ.สมุทรปราการ','10540','','','','','','เทอร์โมสแกน บจก. 731 พีเอ็มทาวเวอร์ ชั้น 5 ถ.อโศก-ดินแดง ดินแดง กทม. 10400','','','ปกติ'),(75,66,'มงคล','ปริญญาปริวัฒน์','หมง','34','ซ.รามคำแหง 8 ถ.รามคำแหง','หัวหมาก','บางกะปิ','กรุงเทพมหานคร','10240','','','081-2924276','','','ส.นภา (ประเทศไทย) บจก. 392/12 ซ.สุขุมวิท 20 ถ.สุขุมวิท คลองเตย กทม. 10110','','','ปกติ'),(76,66,'สุรัตน์','เลาหระวี','โจ','111/198','ซ.ลาซาล 32 สุขุมวิท 105','','บางนา','กรุงเทพมหานคร','','','','081-9192174','','suratl@yahoo.com','L.L.H 206/3-4 หมู่ 8 ซ.วัดสวนส้ม ถ.ปู่เจ้าสมิงพราย ต.สำโรงใต้ อ.พระประแดง จ.สมุทรปราการ 10130','','','ปกติ'),(77,67,'จินดา','ลิขิตสินโสภณ','หมู','138','เชิงสะพานพุทธฯ ถ.จักรเพชร','วังบูรพาภิรมย์','พระนคร','กรุงเทพมหานคร','10200','','','','','','โปรเกรสซีพดีซายน์ แอนด์ คอนซีลติ้งเอ็นจิเนียริ่ง บจก.','','','ปกติ'),(78,67,'ชาญวุฒิ','เมฆรักษาวนิช','ยุ้ย','383/44-46','ซ.ศูนย์การค้าวรจักร ถ.จักรพรรดิพงษ์','แขวงป้อมปราบ','ป้อมปราบ','กรุงเทพมหานคร','10100','','','','','','','','','ปกติ'),(79,67,'ปริพัตร','บูรณสิน','แจ็ค','35','เทศบาลรังสรรค์ใต้ ประชานิเวศน์ 1','','บางเขน','กรุงเทพมหานคร','','','','081-8240250','','pariphat@gewinnconsult.com','เกวินน์ คอนซัลติ้ง บจก. 33 ถ.เทศบาลรังสรรค์ใต้ ลาดยาว จตุจักร กทม. 10900','','','ปกติ'),(80,67,'ปานชัย','ศิริวิมลมาส','เพ้ง','90/57','ซ.เสนานิคม 1 ถ.พหลโยธิน','ต.จรเข้บัว','ลาดพร้าว','กรุงเทพมหานคร','10230','','','','','','พีเซค บจก. 90/14 ถ.พหลโยธิน จรเข้บัว ลาดพร้าว กทม. 10230','','','ปกติ'),(81,67,'ปิยจิตร','gassner(วรรณพฤกษ์)','เปิ้ล','98/25','ม.กรีนวัลเล่ย์ ถ.บางนาตราด','','อ.บางพลี','จ.สมุทรปราการ','10540','','',' 081-7547708','','','','','','ปกติ'),(82,67,'พัลลภ','อินทรไพโรจน์','ตี๋','101/64','มณีชา 3 ซ.7 ถ.ท่าชัย','','อ.เมือง','จ.นนทบุรี','11000','','','081-4948055','','','COMPUTER APPLICATION CO., LTD.','','','ปกติ'),(83,67,'ไพรทูร','สันติวิสุธิ์(สว่างศรี)','อ้อย','28','ซ.เจริญรัถ 19','','คลองสาน','กรุงเทพมหานคร','10600','','','','','','ค้าเคมีภัณฑ์สยาม บจก. 1 ถ.ปูนซีเมนต์ไทย บางซื่อ กทม. 10800','','','ปกติ'),(84,67,'เมธี','วงศ์จารุพรรณ','เม','110','ถ.ลาดพร้าว 47','','บางกะปิ','กรุงเทพมหานคร','10310','','','','','','การบินไทย บมจ. 89 ถ.วิภาวดี-รังสิต ลาดยาว จตุจักร กทม. 10900','','','ปกติ'),(85,67,'ศักดิ์ชาย','วงศ์แจ่มเจริญ','เกี๊ยม','27-29','ถ.มิตรพันธ์','','ป้อมปราบ','กรุงเทพมหานคร','10100','','','','','','วีระยนต์กรุ๊ป บจก. 69/10 หมู่ 9 ถ.ท่าพูด-สาย 5 ต.ไร่ขิง อ.สามพราน จ.นครปฐม 73210','','','ปกติ'),(86,67,'สินสวัสดิ์','จฑุรเมธานนท์','เบิ้ม','119/167','ม.มณียา ซ.ท่าอิฐ  หมู่ 3 ถ.รัตนาธิเบศน์','ต.ไทรม้า','อ.เมือง','นนทบุรี','11000','','','','','','บายเพาเวอร์ บจก. 101/26 หมู่ 3 ซ.ซื่อตรงการ์เดนท์ ถ.รัตนาธิเบศร์ ต.ไทรม้า อ.เมือง จ.นนทบุรี 11000','','','ปกติ'),(87,67,'สุพล','ฌาณโสภณ','รอง','119/305','ซอย18 ถนนรัตนาธิเบศร์','','อ.เมือง','จังหวัดนนทบุรี','','','','081-7547708','','supon@uemproducts.com','','','','ปกติ'),(88,68,'กำธร','ยงกวินสกุล','ถั่ว','252','ถ.พญาไม้','สมเด็จเจ้าพระยา','คลองสาน','กรุงเทพมหานคร','10600','','','','','','อีซีไอ อินเตอร์เนชั่นแนล บจก. 100/1 อาคารวรสมบัติ ชั้น 1 ถ.พระราม 9 ห้วยขวาง กทม. 10310','','','เปลี่ยนที่อยู่'),(89,68,'กิตติชัย','อึ้งอร่าม','ป้อง','126-7','หมู่ที่ 3 ถ.วิภาวดีรังสิต','','บางเขน','กรุงเทพมหานคร','10210','','','','','','','','','ต้องมา'),(90,68,'ณัฐ','ศิวรักษ์','นัท','54/267','ม.บ.ผาสุก','ศาลาธรรสพม์','ทวีวัฒนา','กรุงเทพมหานคร','10170','','','081-3430605','','nattigh@hotmail.com','','','','ปกติ'),(91,68,'ณัฐพงษ์','ตนพิทักษ์','นัท','80','ซ.สมานฉันท์-บาร์โบส ถ.สุขุมวิท 42','บางจาก','พระโขนง','กรุงเทพมหานคร','10110','','','','','','โรงแรมระยองออคิด 011 ซ.ราษฎร์บำรุง 6 ถ.สุขุมวิท ต.เนินพระ อ.เมือง จ.ระยอง 21000','','','ต้องมา'),(92,68,'นพวรรณ','เวชมาลีนนท์','เหน่ง','453','ซ.นาคบำรุง','ต.มหานาค','ป้อมปราบ','กรุงเทพมหานคร','10100','','','','','','เอสโซ่ แสตนดาร์ด (ประเทศไทย) บมจ. 3195/17-29 ถ.พระราม 4 คลองเตย กทม. 10110','','','ปกติ'),(93,68,'บวร','ชุณห์เสรีชัย','ตุ๊','23/1','เพชรเกษมซอย 36','บางแค','ภาษีเจริญ','กรุงเทพมหานคร','10100','','','081-8186768','','boworntu@yahoo.com','เอฟเฟ็ม ฟู้ดส์ (ประเทศไทย) บจก. 79 หมู่ 4 ต.จันทึก อ.ปากช่อง จ.นครราชสีมา 30130','','','ปกติ'),(94,68,'ประสิทธ์','เตชะทวีปพงษ์','สิต','501/1','ถ.ไมตรีจิต','แขวงป้อมปราบ','ป้อมปราบ','กรุงเทพมหานคร','10100','','','','','','','','','ที่อยู่ไม่ชัดเจน'),(95,68,'พรหมพร','วัฒนาพิทักษ์กุล','ลิ้นจี่','5/17','ซ.ตำปีซา ถ.สีลม','แขวงสีลม','บางรัก','กรุงเทพมหานคร','10500','','','','','','','','','ปกติ'),(96,68,'วิสุทธิ์','สุวรรณวิทยเวช','','148/13','ม.ประเวศวิลล่า ถ.อ่อนนุช','','ประเวศ','กรุงเทพมหานคร','10250','','','081-4936847','','','','','','ต้องมา'),(97,68,'ศุภางค์พรรณ','พิสิษฐเกษม','ปุย','31','เพชรบุรี17','ราชเทวี','พญาไท','กรุงเทพมหานคร','10400','','','081-3127071','','puipisitkasem@yahoo.com','เครดิต ลียอง เนส์ ซีเคียริตี้ เอเชีย บจก. 518/5 อาคารมณียาเซนเตอร์ ชั้น 14 ถ.เพลินจิต ปทุมวัน กทม. 10330','','','ปกติ'),(98,68,'สันติ','วาสนศิริ','ติ','58/60','ซ.แยกสันติสุข ถ.สุขุมวิท 38','แขวงพระโขนง','พระโขนง','กรุงเทพมหานคร','10110','','','081-6998315','','santi@thaioil.co.th','ไทยออยล์ บจก. ถ.สุขุมวิท กม.124.5 ต.อ่าวอุดม อ.ศรีราชา จุ.ชลบุรี 20230','','','ปกติ'),(99,68,'สุเชาว์','ตันติพัฒน์','เชาว์','1215/2','ซ.เอื้อพัฒนา 15 ม.เอื้อสุข ถ.พัฒนาการ','','พระโขนง','กรุงเทพมหานคร','10250','','','','','','โจตันไทย บจก. 700/353 หมู่ 6 นิคมฯ บางปะกง เฟส 2 ต.ดอนหัวฬ่อ อ.เมือง จ.ชลบุรี 20000','','','ปกติ'),(100,68,'สุภัทรา','หลีลีเมียร','ติ๊บ','86','ถ.สุขุมวิท 38','','พระโขนง','กรุงเทพมหานคร','10110','','','','','','','','','ปกติ'),(101,68,'สุภามาศ','ศิรโชติยะกุล','ยู่ยี่','280/56','ถ.อิสรภาพ','ต.บ้านช่างหล่อ','บางกอกน้อย','กรุงเทพมหานคร','10700','','','','','','','','','ปกติ'),(102,68,'สุวิทย์','ตรึงจิตวิลาส','วิด','1091/93','ถ.เพชรบุรีตัดใหม่','ต.มักกะสัน','พญาไท','กรุงเทพมหานคร','10400','','','','','','เอ็ม.เอ.เอ็น.ยานยนต์ (ประเทศไทย) บจก. 33/6-7 หมู่ 8 ถ.วิภาวดี-รังสิต สีกัน ดอนเมือง กทม. 10210','','','ปกติ'),(103,68,'องอาจ','แซ่อึ้ง','ป๊อก','1839/1','ซ.อุทัยฟาร์ม ถ.พระราม 4','พระโขนง','คลองเตย','กรุงเทพมหานคร','10110','','','','','','','','','เปลี่ยนที่อยู่'),(104,68,'อรรถพล','ฤกษ์พิบูลย์','โด่ง','327/5','เจริญวงศ์ทาวน์เฮาส์ ซ.เสนานิคม 1','','บางเขน','กรุงเทพมหานคร','','','','','','','','','','ปกติ'),(105,69,'กฤษณ์','สกุลพานิช','กบ','1192','ซ.41 ถ.สุขาภิบาล 1','คลองจั่น','บางกะปิ','กรุงเทพมหานคร','10240','','','','','','ธรากรกฤษณ์ หจก. 1192 ซ.41 ถ.สุขาภิบาล 1 คลองจั่น บางกะปิ กทม. 10240','','','ต้องมา'),(106,69,'เกริกสัณห์','ภาระรามันห์','หม้อ','511/46','ซ.จรัลสนิทวงศ์ 77 ถ.จรัลสนิทวงศ์','แขวงบางพลัด','บางกอกน้อย','กรุงเทพมหานคร','10700','','','','','','พหลโยธินคอนกรีต อุตสาหกรรม บจก. 1/6 หมู่ 4 ถ.พหลโยธิน ต.ห้วยทราย อ.หนองแค จ.สระบุรี 18230','','','ปกติ'),(107,69,'เกรียงศักดิ์','ตั้งประดับเกียรติ','คง','1043','ซ.แยกสุขุมวิท 71 ถ.สุขุมวิท','แขวงพระโขนง','พระโขนง','กรุงเทพมหานคร','10110','','','','','','เหล็กก่อสร้างสยาม บจก. นิคมฯ มาบตาพุด ถ.ไอ-27 ต.มาบตาพุด อ.เมือง จ.ระยอง 21150','','','ปกติ'),(108,69,'เกียรติชัย','วิวัฒนาสิทธิพงศ์','ป๊อป','1522','ซ.จันทราทิพย์ ถ.จันทน์','','ยานนาวา','กรุงเทพมหานคร','10120','','','','','','','','','เปลี่ยนที่อยู่'),(109,69,'โฆษิต','ลีระศิริ','ป๊อก','57/78','หมู่ที่ 7 ซ.ถาวร ถ.นวมินทร์','แขวงคลองกุ่ม','บางกะปิ','กรุงเทพมหานคร','10240','','','','','','การบินไทย บมจ. 88 ซ.ร่วมมิตร ถ.มไหสวรรย์ สำเหร่ ธนบุรี กทม. 10600','','','ที่อยู่ไม่ชัดเจน'),(110,69,'จักรพงษ์','รัตนชัยกานนท์','ซู','206/3-10','ถ.สุรวงศ์','แขวงสี่พระยา','บางรัก','กรุงเทพมหานคร','10500','','','','','','','','','เปลี่ยนที่อยู่'),(111,69,'ตะวัน','จิตรกเวช','วัน','83','ซ.สุวรรณสวัสดิ์ ถ.พระราม 4','แขวงทุ่งมหาเมฆ','เขตยานนาวา','กรุงเทพมหานคร','10120','','','','','','','','','ปกติ'),(112,69,'ถานันตร์','อภิชาติ','ชื้อ','447/55','ถ.จรัลสนิทวงศ์','บางขุนศรี','บางกอกน้อย','กรุงเทพมหานคร','10700','','','','','','','','','ปกติ'),(113,69,'ธัญญา','สุวิมลพันธุ์','จอน','35','ซ.เทศบางรังสรรใต้ ถ.ประชาชื่น','บางเขน','บางเขน','กรุงเทพมหานคร','10900','','','','','','PERMASTEENSA CO., LTD. 700/39 ต.คลองตำหรุ อ.เมือง จ.ชลบุรี 20000','','','ปกติ'),(114,69,'บุญเรือง','ตันไถง','เรือง','731/53','ถ.จรัลสนิทวงศ์ 57/1','','บางกอกน้อย','กรุงเทพมหานคร','10700','','','','','','','','','เปลี่ยนที่อยู่'),(115,69,'บุญหาญ','อู่อุดมยิ่ง','บ๋าน','99/33','หมู่ 8 ม. เอกสยาม ถ.ศรีนครินทร์','ต.บางเมือง','อ.บางเมือง','จ.สมุทรปราการ','10270','','','','','','แสงไทยผลิตยาง บจก. 252 หมู่ 1 ถ.ปู่เจ้าสมิงพราย ต.สำโรงใต้ อ.พระประแดง จ.สมุทรปราการ 10130','','','ปกติ'),(116,69,'ประสาน','ธัญจรูญ','สาน','77/330','หมู่ 8 ถ.เอกชัย','บางบอน','บางขุนเทียน','กรุงเทพมหานคร','10150','','','','','','','','','ต้องมา'),(117,69,'มาโนชน์','จันสุทธิรางกูล','โนช','15','หลังวัดหัวลำโพง ถ.ทรัพย์','สี่พระยา','บางรัก','กรุงเทพมหานคร','10500','','','','','','','','','ต้องมา'),(118,69,'มารยาท','เอี่ยมมงคลสกุล','ฮั้ว','39','ซ.รังสิตนครนายก 27 ถ.รังสิตนครนายก','','ประชาธิปัตย์ อ.ธัญบุรี','ปทุมธานี','12130','','029961344','0804512722','','mforganic@gmail.com','มารยาท ฟาร์ม ','','ปีก','ปกติ'),(119,69,'มาลินี','สุวรรณวิสารท','ปุ้ม','97','ซอยสันนิบาตเทศบาล1 ถนนรัชดาภิเษก','','จตุจัก','กทม','','','29367749','811743005','','malinee.s@pttplc.com','','หญิง','','ปกติ'),(120,69,'เมธา','ทีฆกุล','ที','132/127','ถ.สนามบินน้ำ','ต.บางกะสอ','อ.เมือง','จ.นนทบุรี','11000','','','863448216','','metha41@yahoo.com','BTS ถ.พหลโยธิน จตุจักร กทม. 10900','','','ปกติ'),(121,69,'วิชิต','ยกสุวรรณ','เตียว','482','ซ.ตลาดศรีดินแดง ถ.ดินแดง','แขวงสามเสนใน','เขตพญาไท','กรุงเทพมหานคร','10400','','','','','','','','','ปกติ'),(122,69,'วิวรรณ','จิรสุขไพสิฐ','มุ๊ย','2377-79','ถ.สุขุมวิท','แขวงบางจาก','พระโขนง','กรุงเทพมหานคร','10250','','','','','','','','','ปกติ'),(123,69,'สมศักดิ์','คุปต์หิรัณย์','อิก','630/249','ซ.เจริญกรุง 109 ถ.เจริญกรุง','','บางคอแหลม','กรุงเทพมหานคร','10120','','','','','','มิตซุย โอ.เอส.เค.ไลน์ส (ประเทศไทย) บจก. 138 บุญมิตร ชั้น 5 ถ.สีลม สุรียวงศ์ บางรัก กทม. 10500','','','ปกติ'),(124,69,'สุนิสา','รักขุมแก้ว','ปุ๋ย','214/5','หมู่ที่ 3 ถ.เพชรเกษม  67','แขวงบางแคเหนือ','ภาษีเจริญ','กรุงเทพมหานคร','10160','','','','','','','','','ปกติ'),(125,69,'สุพจน์','เลอกีรติ','พีต','552/114','ซ.อยู่ดี ถ.จันทน์','แขวงบางโคล่','ยานนาวา','กรุงเทพมหานคร','10120','','','','','','เอ็นซีอาร์ รับเบอร์ อินดัสตรี บจก. 69,71-73 ถ.บำรุงรัฐ สัมพันธวงศ์ กทม. 10100','','','ปกติ'),(126,69,'สุภัทร','ณ ลำเลียง','เล็ก','203/71','ถ.ดินแดง','สามเสนใน','พญาไท','กรุงเทพมหานคร','10400','','','','','','49 คอนสตรัคชั้น แมนเนจเมนต์ บจก. 75/16 อาคารริชมอน ชั้น 10 ถ.สุขุมวิท 26 พระโขนง กทม. 10110','','','ที่อยู่ไม่ชัดเจน'),(127,69,'สุรศักดิ์','สุวรรณวิสาร','ฟู่','97','ซ.สันนิบาต เทศบาล 1 ถ.รัชดาภิเษก','ลาดยาว','จตุจักร','กรุงเทพมหานคร','10900','','','','','','','','','ปกติ'),(128,69,'อติวรรณ','ประกอบสันติสุข','ป้ำ','13/1','ตรอกสุริวงศ์ ถ.ประชาธิปก','','ธนบุรี','กรุงเทพมหานคร','10600','','','','','','กองวิศวกรรมการสื่อสารแห่งประเทศไทย 99 ถ.แจ้งวัฒนะ ทุ่งสองห้อง ดอนเมือง กทม. 10002','','','ปกติ'),(129,70,'กรกฎ','โภชนาสมบูรณ์','ป๊อก','44/19','ซ.โชคชัยร่วมมิตร','','จตุจักร','กรุงเทพมหานคร','10900','','','081-4905147','','','ปตท. สผ. บมจ.','','','ปกติ'),(130,70,'กิตติกร','โลห์สุนทร','กร','599','ซอยโพหิรัญอุทิศ ถ.พระรามเก้า 13','','บางเขน','กรุงเทพมหานคร','','','','','','','รัฐสภา ถ.อู่ทองไท ดุสิต กทม. 10300','','','ปกติ'),(131,70,'ชาตรี','สมิตาสิน','แก้ว','1216','ถ.เจริญกรุง','แขวงบางรัก','เขตบางรัก','กรุงเทพมหานคร','10500','','','','','','','','','ต้องมา'),(132,70,'ทัฬหพล','หลูไพบูลย์','ทัลล่า','142','ม.เลคไซด์วิลล่า 2 บางนาตราด กม. 7','','หนองบอน','กรุงเทพมหานคร','10250','','','','','metric@samart.co.th','เมตริก บจก. 3 ซ.พรีเมียร์ 1 แยก 14 ถ.ศรีนครินทร์ สวนหลวง ประเวศ กทม. 10250','','','ปกติ'),(133,70,'ธนิต','ตั้งเจริญมั่นคง','นิต','77/71','ม.ชลลดาบางเขน ซ.ชลลดา ถ.สายไหม','สายไหม','บางเขน','กรุงเทพมหานคร','10220','','','','','','','','','ปกติ'),(134,70,'นรเศรษฐ์','ฐานพูนสุข','','267/3','บจก.โทเทิลควอลิตี้คอนสตรัคชั่น ซ.รองเมือง 3 ถ.รองเมือง','รองเมือง','ปทุมวัน','กรุงเทพมหานคร','10330','','','081-4895730','','','','','','ต้องมา'),(135,70,'นิสิต','สุจิรัตนวิมล','','265','ถ.จักรวรรดิ์','จักรวรรดิ','สัมพันธวงศ์','กรุงเทพมหานคร','10110','','','081-9239889','','','ศรีธวัช แอสโซ-ซิเอท บจก. 265 ถ.จักรวรรดิ์ จักรวรรดิ์ สัมพันธวงศ์ กทม. 10100','','','ปกติ'),(136,70,'ปรีดี','หวังชิงชัย','บี้','69','ซ.บุรีรัมย์ 2 ถ.บริพัตร','แขวงบ้านบาตร','เขตป้อมปราบ','กรุงเทพมหานคร','10100','','','081-9957883','','','','','','เปลี่ยนที่อยู่'),(137,70,'พัชรินทร์','พิเชษฐบุญเกียรติ','พัช','81/16','ซ.วิสุทธิ์นิเวศน์','ห้วยขวาง','ห้วยขวาง','กรุงเทพมหานคร','10310','','','','','','เอสซีจี เคมีคอล บจก. 271 ถ.สุขุมวิท ต.มาบตาพุด อ.เมือง จ.ระยอง 21150','','','ปกติ'),(138,70,'มาณวิกา','ปิ่นทองคำ','อ้อ','69','ซ.อ่อนนุช 12 ถ.สุขุมวิท 77','','สวนหลวง','กรุงเทพมหานคร','','','','081-6551795','','manaviga.p@kasikornbank.com','KASIKORNBANK','','','ปกติ'),(139,70,'มาลี','เกาลวณิชย์','ลี','112/89','ซอยชินเขต 6 ถ.งามวงศ์วาน','','จตุจักร','กรุงเทพมหานคร','10900','','','','','','','','','ที่อยู่ไม่ชัดเจน'),(140,70,'ศุภทัต','จิราคชสกุลวงศ์','ขาว','224/40','ถ.หลานหลวง','คลองมหานาค','ป้อมปราบ','กรุงเทพมหานคร','10100','','','','','','','','','ปกติ'),(141,70,'ศุภทัต','จิราคชสกุลวงศ์','ขาว','224/21','ถ.หลานหลวง','คลองมหานาค','เขตป้อมปราบ','กรุงเทพมหานคร','10100','','','','','','','','','ปกติ'),(142,70,'สันติ','โอภาสปกรณ์กิจ','ติ','72/33','หมู่ 1 ซ.หมู่บ้านศุภวรรณ ถ.เพชรเกษม','แขวงบางแคเหนือ','เขตภาษีเจริญ','กรุงเทพมหานคร','10160','','','','','','','','','ต้องมา'),(143,70,'สุชาติ','สมบูรณ์ธเนศ','ชาติ','67/44','ถ.เพชรเกษม','แขวงท่าพระ','เขตบางกอกใหญ่','กรุงเทพมหานคร','10600','','','','','','','','','ต้องมา'),(144,70,'เอกชัย','กาญจนเวนิช','แอ้ม','21/83','ซ.ลาดพร้าว 15','','จตุจักร','กรุงเทพมหานคร','','','','081-7019113','','kanjanek@gmail.com','เนสเล่','ชาย','ปีก','ปกติ'),(145,71,'กาญจนา','ควรรักษ์เจริญ','เท็ม','52/12','ถ.ปั้น','สีลม','บางรัก','กรุงเทพมหานคร','10500','','','','','','','','','ต้องมา'),(146,71,'เกรียงศักดิ์','ศรไพศาล','เกรียง','342/30','ถ.บรรทัดทอง','วังใหม่','ปทุมวัน','กรุงเทพมหานคร','10330','','','','','','เชลล์ แห่งประเทศไทย บจก. 10 ถ.สุนทรโกษา คลองเตย กทม. 10110','','','เปลี่ยนที่อยู่'),(147,71,'จริมา','รติวัฒน์','โบว์ลิ่ง','212','อาคารสงเคราะห์ทุ่งมหาเมฆสาย 7','ทุ่งวัดดอน','สาธร','กรุงเทพมหานคร','10120','','','','','','บี เอส อาร์ อินเตอร์เนชั่นแนล บจก. 212 ซ.10 ถ.นราธิวาสราชนครินทร์ ทุ่งวัดดอน สาทร กทม. 10120','','','ปกติ'),(148,71,'จิรานุช','เลิศอมรพงษ์','นุช','67','ถ.สุนทรโกษา','แขวงคลองเตย','พระโขนง','กรุงเทพมหานคร','10110','','','','','','','','','ต้องมา'),(149,71,'ชนิสา','ศรีอุฬารพงศ์','แอ๊ะ','246/4','ซ.6/1 ม.ชวนชื่นพาร์ควิลล์','','เขตทวีวัฒนา','กรุงเทพมหานคร','10170','','','081-6150230','','chanisas@yahoo.com','ฝ่ายแผนและธุรกิจ ไทยโอเลฟินส์ บจก. 555 อาคารสำนักงาน ปตท.สผ. ชั้น 3 ถ.วิภาวดี-รังสิต ลาดยาว จตุจักร กทม. 10900','','','ปกติ'),(150,71,'ชาญชัย','อุทยาน','เคี้ยง','164/9','ซ.น้อมจิตร ถ.พญาไท','','พญาไท','กรุงเทพมหานคร','10400','','','','','','','','','เปลี่ยนที่อยู่'),(151,71,'ชาตรี','พานิชพันธุ์','ต่อ','560/144','ถ.ดินแดง','สามเสนใน','พญาไท','กรุงเทพมหานคร','10400','','','','','','เนชั่นแนล สตาร์ช แอนด์ เคมิเคิล บจก. 40/14 หมู่ 12 ถ.บางนา-ตราด อ.บางพลี จ.สมุทรปราการ 10540','','','ปกติ'),(152,71,'ดวงเดือน','ธีรกุล','เปิ้ล','78','ถ.เทศบาลนิมิตเหนือ ประชานิเวศน์ 1','','บางเขน','กรุงเทพมหานคร','10900','','','','','','การปิโตรเลียมแห่งประเทศไทย 555 ถ.วิภาวดี-รังสิต ลาดยาว จตุจักร กทม. 10900','','','ปกติ'),(153,71,'นิธิดา','สวัสดิบุตร','','1766/1','ถ.สุขุมวิท','พระโขนง','บางจาก','กรุงเทพมหานคร','10250','','','','','','','','','ปกติ'),(154,71,'นิมิต','ภูติรัชต์','มิต','1046/5','ถ.เพชรบุรีตัดใหม่','ต.มักกะสัน','ราชเทวี','กรุงเทพมหานคร','10400','','','','','','','','','ที่อยู่ไม่ชัดเจน'),(155,71,'เบญจวรรณ','ตัณฑ์ไพบูลย์','เก๋','156/3','ซ.รามคำแหง 32','','ถ.รามคำแหง','กรุงเทพมหานคร','10250','','','','','','เอเซียน มารีน เซอร์วิส บมจ. 128 หมู่ 3 ถ.สุขสวัสดิ์ อ.พระสมุทรเจดีย์ จ.สมุทรปราการ 10290','','','ปกติ'),(156,71,'ปฏิเวช','บุญยะผลึก','หนุ่ย','41/6','เรวดี ซ.7 ถ.ติวานนท์','','ต.ตลาดขวัญ','นนทบุรี','11000','','','','','','','','','ต้องมา'),(157,71,'มงคล','ศิริวัฒนาเลิศ','ม้ง','98/136','ว.รามคำแหง 94 ถ.รามคำแหง','','เขตสะพานสูง','กรุงเทพมหานคร','','','','0916541469','081-8433115','mong_f2002@yahoo.com','','ชาย','ปีก','ปกติ'),(158,71,'ยุจิรา','จิรภิญโญ','ยุ','997','ซ. 32 ถ.สุขาภิบาล 1','คลองจั่น','บางกะปิ','กรุงเทพมหานคร','10240','','','','','','','','','ต้องมา'),(159,71,'ยุทธชัย','ปรัชญาพิพัฒน์','เป็ด','7/98','ซ.หมู่บ้านมิตรภาพ ศรีนครินทร์ แขวง','หนองบอน','เขตประเวศ','กทม','10260','','','081-3718233','','','','','','ปกติ'),(160,71,'รังษี','หยกอุบล','หมี','9','ซ.ประดิพัทธ์ 3 ถ.ประดิพัทธ์','สามเสนใน','พญาไท','กรุงเทพมหานคร','10400','','','081-6161944','','yokubol@yahoo.com','','','','ปกติ'),(161,71,'รังสรรค์','ลีทัพเกรียงไกร','สัน','209/9-11','ซ.เจริญกรุง 91 ถ.เจริญกรุง','','ยานนาวา','กรุงเทพมหานคร','10120','','','','','','ซีพี เทเลคอมมิวนิเคชั่น บจก. ซีพีทาวเวอร์ ถ.สีลม บางรัก กทม. 10500','','','ปกติ'),(162,71,'วชิระชัย','คูนำวัฒนา','โจโจ้','999/222','วิภาวดีซอย60','แขวงตลาดบางเขน','เขตหลักสี่','กรุงเทพมหานคร','10210','','','','','','ปูนซีเมนต์ไทย บมจ. 1 ถ.ปูนซีเมนต์ไทย บางซื่อ กทม. 10800','','','ปกติ'),(163,71,'วรภา','วิเศษสมภาคย์','เป๊ง','7/2','เจริญกรุง 80','','บางคอแหลม','กรุงเทพมหานคร','10120','','','081-6108328','','','Michelin ROH Co.,LTD. , The 9th building tower A , Bangkok','','ปีกซ้าย','ปกติ'),(164,71,'วิทยา','ชำนาญกิจโกศล','โหนก','95/96','ซ.ลาดพร้าว 67 ถ.ลาดพร้าว','','บางกะปิ','กรุงเทพมหานคร','10310','','','','','','','','','ต้องมา'),(165,71,'วีระพันธ์','รังสีวิจิตรประภา','อ.แฟรงค์','480/7 ซอยวัดญวณสะพานขาว (วัดสมณานัมบริหาร)','ถ.ลูกหลวง','สี่แยกมหานาค','ดุสิต','กรุงเทพมหานคร','10300','','022826245','089-7773129','0917424259','weerapun105@yahoo.com','','','','ต้องมา'),(166,71,'สุภาพร','เธียรวุฒิ','','38/197','ซ.ภักดี ถ.พระราม 3','','บางคอแหลม','กรุงเทพมหานคร','10120','','','','','','เวิลด์ อินฟอร์เมชั่นเทคโนโลยี บจก. 141/24 อาคารสกุลไทย ชั้น 19 บี ถ.สุรวงศ์ บางรัก กทม. 10500','','','ปกติ'),(167,71,'สุภาพร','วรสุชีพ','ป๋อง','33','ถ.สามเสน','วัดสามพระยา','พระนคร','กรุงเทพมหานคร','10200','','','','','','49 เอ็นจิเนียริ่ง คอนซัลแตนท์ บจก. 75/66-67 อาคารริชมอนด์ ชั้น 18 ถ.สุขุมวิท 26 คลองตัน คลองเตย กทม. 10110','','','ปกติ'),(168,71,'อ.รัชทิน','จันทร์เจริญ','เล็ก','331/74','ถ.บรรทัดทอง','','','กรุงเทพมหานคร','10400','','21921598','081-8179468','0866889468','Ratchatin.C@chula.ac.th','ภาควิชาวิศวกรรมเครื่องกล คณะวิศวกรรมศาสตร์ จุฬาลงกรณ์มหาวิทยาลัย ถ.พญาไท วังใหม่ ปทุมวัน กทม. 10330','','','ปกติ'),(169,71,'อรวรรณ','ศิริเดช','อ้อย','14/16','ซ.ศูนย์เวลายมราช ถ.เพชรบุรี','','พญาไท','กรุงเทพมหานคร','10400','','','','','','','','','ปกติ'),(170,71,'อัครเดช','ปดิพร','จุ่น','523','เพอร์เฟคเพลส 3 รามคำแหง 164','','รามคำแหง','กรุงเทพมหานคร','10520','','','','','','','','','ปกติ'),(171,71,'อุริช','อัชชโคสิต','หนู','922/18','ซ.ประดู่ 1','แขวงบางโคล่','บางคอแหลม','กรุงเทพมหานคร','10120','','','081-8453388','','','','','','ปกติ'),(172,72,'เกรียงศักดิ์','อัศวรัตน์','เกรียง','165/8-9','ถ.พระปิ่นเกล้า','แขวงอรุณอมรินทร์','เขตบางกอกน้อย','กรุงเทพมหานคร','10700','','','081-423-4447','','kreang@gmail.com','บ.ชิม ซิสเต็มจำกัด','','','ปกติ'),(173,72,'เจนจบ','จึงอนุวัตร','','656/370','ถ.จรัญสนิทวงศ์','','บางกอกน้อย','กรุงเทพมหานคร','10700','','','','','','','','','ปกติ'),(174,72,'ฐานิสร์','จินดาวิจักษณ์','','275','ถ.อาคารสงเคราะห์','ทุ่งวัดดอน','สาทร','กรุงเทพมหานคร','10120','','','081-8133880','','','','','','ปกติ'),(175,72,'ณัฐพล','ปฐมกสิกุล','','77/7','ซ.เอกมัย 21 ถ.สุขุมวิท 63','','คลองเตย','กรุงเทพมหานคร','10110','','','','','','','','','เปลี่ยนที่อยู่'),(176,72,'พรรณวดี','อมรมณีกุล','','137/141','','เยาวราช','สัมพันธวงศ์','กรุงเทพมหานคร','10100','','','','','','เต็มเลิศ บจก. 1040 ซ.พูนสิน ถ.สุขุมวิท 66/1 บางจาก พระโขนง กทม. 10260','','','ปกติ'),(177,72,'ภูษิต','เจียรภาสวร','ปุ๋ม','4/100','หมู่บ้านกาญจนาลักษณ์ ถนนกาณจนาภิเษก','','บางกรวย','นนทบุรี','11130','','','081-6219829','','poomamp@hotmail.com','โรงเรียนกวดวิชา AMP7200 เลขที่ 303-305 อาคารสยามกิตติ์ ปทุมวัน กรุงเทพ','','','ต้องมา'),(178,72,'วิทิต','ฉัตรรัตนกุลชัย','','15/101-102','ซ.โชคชัย 4','ลาดพร้าว','บางกะปิ','กรุงเทพมหานคร','10230','','','','','','','','','ปกติ'),(179,72,'วิธพล','เจาะจิตต์','','9/375','พหลโยธิน 21','ลาดยาว','จตุจักร','กรุงเทพมหานคร','10900','','','0814567412','','jeerawit@yahoo.com','','','','ปกติ'),(180,72,'วีระชัย','ตั้งเลิศสัมพันธ์','','4569/34-36','ถ.ประชาสงเคราะห์','ดินแดง','ห้วยขวาง','กรุงเทพมหานคร','10400','','','','','','','','','ปกติ'),(181,72,'สมรรค','ซื่อสัตย์สกุลชัย','หมัค','46/143','หมู่บ้าน The Terrace ถ.ท่าข้าม','','บางขุนเทียน','กรุงเทพมหานคร','','','','092-5081000','','smarksue@yahoo.com','GPSC','','ปีก','ปกติ'),(182,72,'สุวิมล','นภาวิริยะกุล','','219/6','ซ.พุทธโอสถ ถ.นเรศ','สี่พระยา','บางรัก','กรุงเทพมหานคร','10500','','','','','','ผาแดง อินดัสทรี บจก. ตึก C.T.I. ชั้น 26 ถ.รัชดาภิเษก คลองเตย กทม. 10110','','','เปลี่ยนที่อยู่'),(183,72,'อารียา','ปาริชาติกานนท์','แอ๋ม','100/2','ม.9 ซ.ภาณุรังษี 12','','บางกรวย','นนทบุรี','11130','','','','','','','','','ต้องมา'),(184,73,'ติระกันยา','ตีระวนิช','','1537/3','ถ.ลาดพร้าว','สามเสนนอก','ห้วยขวาง','กรุงเทพมหานคร','10310','','','','','','','','','ปกติ'),(185,73,'นันทพร','แก้ววิเชียร','แคท','53/1031','ซ.ราชพฤกษ์ 21 กฤษดานคร ถ.แจ้งวัฒนะ','','ปากเกร็ด','นนทบุรี','11120','','','','','','','','','ต้องมา'),(186,73,'พันธ์ศักดิ์','ทีฆสกุล','เคี้ยง','88/14','ม.ลัดดารมย์ ราชพฤกษ์-ปิ่นเกล้า อ.ราชพฤกษ์','','ตลิ่งชัน','กรุงเทพมหานคร','10170','','24320039','081-4203824','','tpansak@yahoo.com','','ชาย','','ต้องมา'),(187,73,'พินิจ','อาภานันทิกุล','บุ๊ค','504/1','ถ.โพศรี','ต.หมากแข้ง','อ.เมือง','อุดรธานี','41000','','42221217','854853674','','pinicha@hotmail.com','ไทยเทเลโฟน แอนด์ เทเลคอมมิวนิเคชั่น บมจ. 16 หมู่ 2 ถ.อุดรฯ-เลย ต.นาดี อ.เมือง จ.อุดรธานี 41000','','','ปกติ'),(188,73,'รัชตวรรณ','เศรษฐปราโมทย์','อ้วน','','','','','','-','','','081-6579074','','','SODAP (THAILAND) CO., LTD. 247 ลุมพินี 2 ถ.สารสิน ลุมพินี ปทุมวัน กทม. 10330','','','ที่อยู่ไม่ชัดเจน'),(189,73,'วรพงศ์','รัตนวรพันธ์','อาร์ท','16/231','วิภาวดีรังสิต58 ถ.วิภาวดีรังสิต','ตลาดบางเขน','หลักสี่','กรุงเทพมหานคร','10210','','','081-8166911','','art.wor@gmail.com','','ชาย','ปีก','ปกติ'),(190,73,'วาทิน','เฉลิมดำริชัย','ตุ๊','63','ถ.มหาพฤฒาราม','','บางรัก','กรุงเทพฯ','10500','','','081-9261400','','chalermd@hotmail.com','','','','ต้องมา'),(191,73,'สมศักดิ์','อนงค์เลขา','ใหญ่','7/94','ถ.รัชดาภิเษก','','บางกอกใหญ่','กรุงเทพมหานคร','10600','','','081-6309922','','','CIVIL MASTER GROUP 96 ซ.รัชดาภิเษก 19 ถ.รัชดาภิเษก วัดท่าพระ บางกอกใหญ่ กทม. 10600','','','ปกติ'),(192,73,'อรรถวิทย์','พฤฒิกิตติ','','27','ม.เกษมสำราญ 1 ซ.4 ถ.สุขุมวิท 71','คลองตัน','คลองเตย','กรุงเทพมหานคร','10110','','','081-6139987','','','','','','ปกติ'),(193,74,'จิราพร','เลิศอมรพงษ์','','','','','','','-','','','','','','','','','ที่อยู่ไม่ชัดเจน'),(194,74,'เจริญ','แสงวิชัยภัทร','','17/66','ธาราเรือนเอก ซ.รามคำแหง 43/1','','วังทองหลาง','กรุงเทพมหานคร','10310','','','','','','','','','ต้องมา'),(195,74,'ดวงแข','เวชชศาสตร์','กิ๊บ','19/15','หมู่ 17','ต.บางหญ้าแพรก','อ.พระประแดง','สมุทรปราการ','10130','','','','','','','','','เปลี่ยนที่อยู่'),(196,74,'ธงชัย','หาญพานิชย์','max','2/1-2','ม.2 ถ.ลาดกระบัง','','ลาดกระบัง','กรุงเทพมหานคร','10520','','','','','','','','','เปลี่ยนที่อยู่'),(197,74,'ธนรัชต์','สิริเนาประดิษฐ์','','73','ชลนิเวศน์','ต.ลาดยาง','เขตจตุจักร','กรุงเทพมหานคร','10900','','','','','','','','','ต้องมา'),(198,74,'พูนลาภ','ลามศรีจันทร์','ต่อ','44/19','งามวงศ์วาน','-','เมือง','นนทบุรี','11000','','','081-7914510','','','ภาควิชาวิศวกรรมไฟฟ้า มหาวิทยาลัยเกษตรศาสตร์','ชาย','','ปกติ'),(199,74,'มาลินี','เจริญกิจภัณฑ์','','101/36','ดินแดง','สามเสนใน','พญาไท','กรุงเทพมหานคร','10400','','','','','','','','','ที่อยู่ไม่ชัดเจน'),(200,74,'ศิริลักษณ์','บุญเผ่า','เซ็น','356/37','ถ.ตากสิน','','อ.ธนบุรี','กรุงเทพมหานคร','10600','','','','','','POSTER WHEELER 217 ถ.สุขาภิบาล 8 ต.ทุ่งสุขลา อ.ศรีราชา จ.ชลบุรี 20230','','','ปกติ'),(201,74,'สมรัก','ภักดีศุภฤทธิ์','แป้น','128','ถ.เทศบาลรังรักษ์ใต้ ซ.4','','จตุจักร','กรุงเทพมหานคร','10900','','','','','','','','','ต้องมา'),(202,74,'โสภา','ชินเวชกิจวานิชย์','กุ้ง','1018/4','ถ.พระราม 4','แขวงสีลม','เขตบางรัก','กรุงเทพมหานคร','10500','','','','','','','','','ปกติ'),(203,74,'อโณทัย','ศรีกิจจา','หนอย','1/188','M008 BADINHOUSE','KONGKUM','BUANGKUM','BANGKOK','10230','','','089-7998800','','asrikitja@yahoo.com','กสท. โทรคมนาคม 99 หมู่ 3 ถ.แจ้งวัฒนะ ทุ่งสองห้อง หลักสี่ กทม. 10210','','','ปกติ'),(204,75,'กรกช','ศันสนียวานิช','อุ๊','28/1','ซ.อารีย์สัมพันธ์ 4 ถ.พระราม 6','สามเสนใน','พญาไท','กรุงเทพมหานคร','10400','','','','','','อรุณชัยเสรี คอนซัลติ้ง เอ็นจิเนียริ่ง บจก. 3300 ถ.พหลโยธิน ลาดยาว จตุจักร กทม. 10900','','','ปกติ'),(205,75,'กรองทอง','ศรัพฤทธิ์เกียรติ','จิ๋ว','394/7','ถ.สามเสน','','ดุสิต','กรุงเทพมหานคร','10300','','','','','','โปรเกรสเทคโนโลยี คอนซัลแท็นส์ บจก. 12/273 ซ.เกษมสันต์ 1 ถ.พระราม 1 วังใหม่ ปทุมวัน กทม. 10330','','','ปกติ'),(206,75,'นวรัตน์','วรพันธ์ตระกูล','นก','129/588','ถ.รัตนาธิเบศร์','ต.บางรักน้อย','อ.เมือง','จ.นนทบุรี','11000','','','081-3192766','','nawaratv@hotmail.com','สทอภ','','','ปกติ'),(207,75,'นันทชัย','สามะพุทธิ','เป็ด','55/94','บ.กลางเมืองพระราม9','','','กทม','','','','089-9214284','','','ORIONTAL POST','','','ปกติ'),(208,75,'ศิริรัตน์','อัศวเลิศศักดิ์','เล็ก','336','ถ.นครสวรรค์','','ป้อมปราบฯ','กรุงเทพมหานคร','10110','','','','','','','','','ปกติ'),(209,75,'สิริภัสสร','ตันติสวัสดิ์','เบิร์ด','876','ถ.มังกร','','สัมพันธวงศ์','กรุงเทพมหานคร','10100','','','081-6227348','','','ปูนซีเมนต์ไทย บมจ. 1 ถ.ปูนซีเมนต์ไทย บางซื่อ กทม. 10800','','','ปกติ'),(210,75,'อรินทรา','เลาหะราชพฤกษ์','ตุ๊ก','329/3','หมู่ 5 ถ.สุขสวัสดิ์','','ราษฎร์บูรณะ','กรุงเทพมหานคร','10300','','','','','','','','','ต้องมา'),(211,75,'นันทชัย','สามะพุทธิ','เป็ด','55/94','ม.บ้านกลางเมือง','พระราม9-ลาดพร้าว','วังทองหลาง','กทม','10310','','','','','accshot@gmail.com','Oriental Post 333/3 รัชดานิเวศน์ 19 สามเสนนอก กทม 10300','ชาย','เซ็นเตอร์','ปกติ'),(212,76,'กิตติพงศ์','วงศ์ภัทรกุล','โก้','88/44','หมู่17','คลองหนึ่ง','คลองหลวง','ปทุมวัน','12120','','','081-8467303','','kittipong@kpatara.com','ก.ภัทรค้าไม้ บจก. 96/162 หมู่ 7 ต.คลองสอง อ.คลองหลวง จ.ปทุมธานี 12120','','','ปกติ'),(213,76,'คมปกรณ์','ปรีดาวรรณเลิศ','ธี','4/12','มบ.เอกชัยออร์คิดการ์เด้นท์  บางบอน 3','','บางบอน','กรุงเทพมหานคร','10150','','','081-8223770','','kompakorn@hotmail.com','R&D ENGINEERING CONSULTANTS CO., LTD. 240/29 หมู่ 2 ซ.สุขสวัสดิ์ 31/1 ถ.สุขสวัสดิ์ ราษฎร์บูรณะ กทม. 10140','','','ปกติ'),(214,76,'เฉลิมพล','ฮุนพงษ์สิมานนท์','เหลิม','40','ซอยพ่วงทรัพย์ ถ.เลียบคลองประปา','','บางซื่อ','กรุงเทพมหานคร','10800','','','081-8182737','','chalermh@cementhai.co.th','ปูนบางซื่อ CHEMICAL COMMERCE CO., LTD.','','','ปกติ'),(215,76,'ณัฐพร','วงศ์วัฒนเดช','องุ่น','260/3','ถ.อิสรภาพ','แขวงวัดอรุณ','บางกอกใหญ่','กรุงเทพมหานคร','10600','','','081-9384605','','','','','','ปกติ'),(216,76,'ดุลยวิทย์','เลาทองดี','เฉียน','3/385','หมู่บ้านเศรษฐสิริประชาชื่น','ต.ท่าทราย','อ.เมือง','จ.นนทบุรี','11000','','','081-8219283','','lchien76@hotmail.com','LD GROUP 46 ถ.สิรินธร บางพลัด กทม. 10700','','','ปกติ'),(217,76,'ธิดารัตน์','จงศิริกุล','จุ๋ม','116','ซ.ศรีอยุธยา 2 มักกะสัน ราชเทวี กทม. 10400 หรือ 605/6 ซ.เทศาพัฒนา ม.1','ต.ควนลัง','หาดใหญ่','สงขลา','90110','','','','','','ซีเมนส์ บจก.','','','ที่อยู่ไม่ชัดเจน'),(218,76,'นวลอนงค์','เตรียมพานิชยกุล','เกด','35/119','ซ.ตากสิน 22','บุคคโล','ธนบุรี','กรุงเทพมหานคร','10600','','','','','','UNISYS THAILAND LTD.','','','เปลี่ยนที่อยู่'),(219,76,'นิรชร','เยาวขันธ์','ปุ๊ม','49/36','สุขุมวิท 60','บางจาก','พระโขนง','กรุงเทพมหานคร','10250','','','086-8846274','','','SIEMENS LTD.','','','ปกติ'),(220,76,'ปิติพร','แก้ววิเฃียร','ป้อย','53/1031','ซ.ราชพฤกษ์ 21 ม.กฤษดานคร ถ.แจ้งวัฒนะ','','ปากเกร็ด','นนทบุรี','11120','','','','','','(TRANE) แอร์โค บจก.','','','ปกติ'),(221,76,'ผกาแก้ว','สุรนาคะพันธ์','เปิ้ล','31/1','ซ.อารีย์ 2 ถ.พหลโยธิน','','พญาไท','กรุงเทพมหานคร','10400','','','','','','BLACK & VEATCH (THAILAND) CO., LTD. 555 อาคารสาทาวเวอร์ 1 ชั้น 15 ถ.พหลโยธิน จตุจักร กทม. 10900','','','ปกติ'),(222,76,'พานแก้ว','สุวรรณธาดา','ไก่','11/150','ม.สราสินีเพลส ซ.พหลโยธิน 48 ถ.พหลโยธิน','','บางเขน','กรุงเทพมหานคร','10220','','','','','','','','','ปกติ'),(223,76,'พิชัย','ตั้งตรงสกุลดี','ชัย','617','ถ.ลาดหญ้า','คลองสาน','คลองสาน','กรุงเทพมหานคร','10600','','','','','','','','','เปลี่ยนที่อยู่'),(224,76,'พีรพัฒน์','ถิ่นสันติสุข','โอ','244','หมู่ 3 ถ.ตลิ่งชัน-สุพรรณบุรี','แขวงบางขุนกอง','เขตบางกรวย','นนทบุรี','11130','','24494122','081-9208567','','perapat@empiretech.co.th','','ชาย','การ์ด','ปกติ'),(225,76,'เมสินี','นาคมณี','เมย์','36/13','ซ.อัสสัมชัญ 6 ม.บ้านเศรษฐกิจ','บางไผ่','ภาษีเจริญ','กรุงเทพมหานคร','10160','','','086-7898973','','','','','','ต้องมา'),(226,76,'วรรณวิภา','ติวะนันทกร','เจง','2/56','ม.1 ถ.พระราม 2','บางมด','จอมทอง','กรุงเทพมหานคร','10150','','','','','','','','','ปกติ'),(227,76,'นรา','เกษารัตน์','ตู่','99/219','ซ.ราษฎร์พัฒนา22','สะพานสูง','สะพานสูง','กรุงเทพมหานคร','10240','','','086-3893041','087-0868248','','','','','ปกติ'),(228,76,'วสุวัชร','จันทร์แดง','หนุ่ย','9/6','ซ.พหลโยธิน 46 ถ.พหลโยธิน 46','เสนานิคม','จตุจักร','กทม','10900','','25615400','813987849','','manggnod@hotmail.com','','','','ปกติ'),(229,76,'สุวิมล','สงวนชัยไผ่วงศ์','หงวน','244-6','ถ.สุขสวัสดิ์','ต.บางจาก','พระประแดง','สมุทรปราการ','10130','','','087-9331112','','','','','','ปกติ'),(230,76,'อภิชาต','อรุณคุณารักษ์','บอย','590/5','วัดกัลยาณ์','','','ธนบุรี','10600','','','','','','','','','ปกติ'),(231,76,'อานุภาพ','อุดมทรัพย์','jump','194','ถ.อิสรภาพ','ต.วัดกัลยาณ์','ธนบุรี','กรุงเทพมหานคร','10600','','','','','','','','','ปกติ'),(232,77,'กวีณา','กิจกำแหง','นก','627','ซ.ศูนย์วิจัย 4 ถ.พระราม 9','บางกะปิ','ห้วยขวาง','กรุงเทพมหานคร','10320','','','','','','','','','ปกติ'),(233,77,'กษมา','บุญชัย','เก๋','699/43','ซ.วงศ์สว่าง ถ.วงศ์สว่าง','','บางซื่อ','กรุงเทพมหานคร','10800','','','','','','','','','ปกติ'),(234,77,'กัชยา','นิธิยานันท์','','104/4','ถ.อุฒากาศ','บางอ้อ','จอมทอง','กรุงเทพมหานคร','10150','','','','','','องค์การโทรศัพท์แห่งประเทศไทย 89/2 หมู่ 3 ถ.แจ้งวัฒนะ ทุ่งสองห้อง หลักสี่ กทม. 10210','','','ปกติ'),(235,77,'ชฏารัตน์','สถาปนาวัตร','ฝน','','','','','','-','','','081-4430518','','','','','','ที่อยู่ไม่ชัดเจน'),(236,77,'ปัญญา','จินตธีรชัย','ป๊อป','74','ซ.อ่อนนุช13 ถ.อ่อนนุช','','สวนหลวง','กรุงเทพมหานคร','10250','','','089-9812015','','panya@suwannahumrice.com','','','','ปกติ'),(237,77,'นิเดช','ชวาลดิฐ','เดช','5/51','ม.คฤหาสน์ทายาท','ติวานนท์','ปากเกร็ด','นนทบุรี','11120','','02-5836190','081-4433344','','phidetc@yahoo.com','SB Furniture co.,ltd','ชาย','การ์ด','ปกติ'),(238,77,'สันติ','ศรีวิชาญกุล','ตั้ม','112/5','สุขุมวิท 39','คลองตันเหนือ','วัฒนา','กรุงเทพฯ','10110','','','089-001-0005','','santi.krab@gmail.com','ตรีเพชรอีซูซุเซลส์ บจก. 1088 ถ.วิภาวดี-รังสิต จตุจักร กทม. 10900','','','ปกติ'),(239,77,'หัสดา','พันธุ์งาม','เกรส','59/104','ม.19 ถ.ปิ่นเกล้า-นครไชยศรี','แขวงศาลาธรรมสพณ์','ทวีวัฒนา','กรุงเทพมหานคร','10170','','','852519966','','hatsada_p@hotmail.com','','','','ปกติ'),(240,77,'อรวรรณ','ไพศาลศรีศิลป์','จูล','485','ถ.พระราม 3','บางโคล่','บางคอแหลม','กรุงเทพมหานคร','10120','','','081-8500084','','pretyjul@hotmail.com','','','','ปกติ'),(241,77,'เสกสรร','จิตติวัฒนพงศ์','ตั๋ง','555','หมู่7','ตำบลสุรศักดิ์','อำเภอศรีราชา','ชลบุรี','20110','','38339955','819835959','','chonland@gmail.com','','ชาย','ปีก','ปกติ'),(242,78,'บอย','','บอย','797/90','ประชาสงเคราะห์','','','กรุงเทพมหานคร','10310','','','','','','','','','ปกติ'),(243,78,'นัท','','นัท','9/267','รัชดาภิเษก','','','กรุงเทพมหานคร','10310','','','','','','','','','ปกติ'),(244,78,'ฉัตร','','ฉัตร','2549/18-19','พหลโยธิน','','','กรุงเทพมหานคร','10220','','','081-6420190','','','','','','ที่อยู่ไม่ชัดเจน'),(245,78,'ยุ่น','','ยุ่น','403','อาคารสงเคราะห์ทุ่งมหาเมฆ 580/3 สาธรใต้','','สาทร','กรุงเทพมหานคร','10120','','','','','','','','','เปลี่ยนที่อยู่'),(246,78,'ช่อ','','ช่อ','1/27','สุขาภิบาล','','','กรุงเทพมหานคร','10160','','','','','','','','','ที่อยู่ไม่ชัดเจน'),(247,78,'ทิป','','ทิป','538/23','จรัญสนิทวงศ์','','','กรุงเทพมหานคร','10600','','','','','','','','','เปลี่ยนที่อยู่'),(248,78,'จุฑามณี','พิพิธยะปกรณ์','เอ๋','59/11','เมืองทองธานี ถ.แจ้งวัฒนะ','','ปากเกร็ด','กรุงเทพมหานคร','11120','','','','','','ปตท.สผ. บมจ. 555 ถ.วิภาวดี-รังสิต จตุจักร กทม. 10900','','','ปกติ'),(249,78,'ธนสรรค์','นิรัญราช','อั๋น','576/146','ซ.สหการประมูล ถ.ประชาอุทิศ','แขวงวังทองหลาง','เขตวังทองหลาง','กรุงเทพมหานคร','10310','','','818584668','','t_nirunrach@yahoo.com','','','','ปกติ'),(250,78,'รัศมี','กัลยานมิตตา','ฝน','4','ถ.สุขุมวิท','ต.เชิงเนิน','อ.เมือง','จ.ระยอง','21000','','','081-3448810','','russamee_fon@hotmail.com','','','','ปกติ'),(251,78,'วรัญญู','ทิพยมนตรี','ขวัญ','607/142','ถ.อ่อนนุช','','สวนหลวง','กรุงเทพมหานคร','10250','','','089-7813268','','tipayamontri@gmail.com','ELSAMEX INTERNATIONAL 10/5 ซ.ราชครู ถ.พหลโยธิน สามเสนใน พญาไท กทม. 10400','','','ปกติ'),(252,78,'ศิริวรรณ','ณรงค์ตะณุพล','ปุ๊ก','372','จุฬาซอย 9 ถ.พระราม 4','','ปทุมวัน','กรุงเทพมหานคร','10330','','','089-4997204','','npook@yahoo.com','','','','ปกติ'),(253,78,'อัมรินทร์','สิมะโรจน์','หลุยส์','11/1','ถ.จันทร์ 43 แยก 17','แขวงทุ่งวัดดอน','สาทร','กรุงเทพมหานคร','10120','','','','','simaroja@yahoo.com','','','','ปกติ'),(254,79,'การะเกด','เกษชุมพล','เกด','72/69','หมู่ที่ 4  ซอย ติวานนท์ 8  ถ. ติวานนท์','ตลาดขวัญ','อ.เมือง','นนทบุรี','11000','','','081-6429930','','','ATOS ORIGIN 200 ถ.แจ้งวัฒนะ อ.ปากเกร็ด จ.นนทบุรี 11120','','','ปกติ'),(255,79,'กิตติศักดิ์ ','ตั้งธนกิจโรจน์','เบิร์ด','1/101','อาคารบ้านรองเมือง ถ.จรัสเมือง','รองเมือง','ปทุมวัน','กรุงเทพมหานคร','10330','','','089-1993877','','bird_ee79@yahoo.com','บ.ไบเออร์สคร็อป','','','ปกติ'),(256,79,'ชนะ','บวรลักษณ์','ฮั่น','374/14','ซ.เพชรบุรี12','','ราชเทวี','กรุงเทพมหานคร','10400','','','0655356165','','chana_han@yahoo.com','Namdee (Thailand) Co., Ltd.','','','ปกติ'),(257,79,'ไชยนันต์','แท่งทอง','จึ๊ง,นัน','15/250','หมู่ที่ 9  หมู่บ้าน เอื้อประชา  ซอย มหาลาภ/โชคชัย 4 ถ.ลาดพร้าว','','ลาดพร้าว','กรุงเทพมหานคร','10230','','','','','phcttocc@gmail.com','','','','เปลี่ยนที่อยู่'),(258,79,'ฐิติชญา','ธนมิตรสมบูรณ์','จ๊ะเอ๋','32/25','ซ.เพชรบุรี 5','','ราชเทวี','กรุงเทพมหานคร','10400','','','081-8022505','','stanfa@hotmail.com','','','','ปกติ'),(259,79,'ณฐพล ','สันฑมาศ','หมู','4/106','หมู่ที่ 4  หมู่บ้าน สหกรณ์  ถ. สุขาภิบาล 2','คลองกุ่ม','บึงกุ่ม','กรุงเทพมหานคร','10240','','','081-8081871','','munata_3879@yahoo.co.th','','','','ต้องมา'),(260,79,'ธนวัตร','จิรจริยาเวช','เป้','802','ถ.ประชาอุทิศ','สามเสนนอก','ห้วยขวาง','กรุงเทพมหานคร','10320','','','081-8552062','','pepe_ce79@hotmail.com','UNILEVER THAI TRADING LTD. 18 SCB Park Plaza West 1 ถ.รัชดาภิเษก จตุจักร กทม. 10900','','','ปกติ'),(261,79,'ธารา','กุศลชาติธรรม','หมี','318/20','ม.เมอริทเพลส ลาดพร้าว101','แขวงวังทองหลาง','เขตวังทองหลาง','กรุงเทพมหานคร','10310','','21589519','819039928','','taragsot@hotmail.com','ปาร์คเกอร์ ฮันนิฟิน (ไทยแลนด์) บจก. 1023 อาคารทีพีเอส ชั้น 3 ถ.พัฒนาการ สวนหลวง กทม. 10250','','','ปกติ'),(262,79,'พรสิริ  ','ภัทรวิทิตกุล','โบว์','303','หมู่ที่ 2  ซอยสุขสวัสดิ์ 30  ถ.สุขสวัสดิ์','บางปะกอก','ราษฎร์บูรณะ','กรุงเทพมหานคร','10140','','','081-6595900','','basbow@hotmail.com','ไทยตาบูชิอิเลคทริค บจก. 88 หมู่ 5 ถ.บางนา-ตราด ต.บางสมัคร อ.บางปะกง จ.ฉะเชิงเทรา 24180','','','ปกติ'),(263,79,'พลเชษฐ์','ตันติพจน์','ป้อม','65','ซ.จัดสรร ถ.สุทธิสาร','','ห้วยขวาง','กรุงเทพมหานคร','10310','','','081-6446553','','phonrachet@hotmail.com','','','','ต้องมา'),(264,79,'พิชาญ ','อังศุวัชรากร','ชาญ','100/2','ม.ไพรเวท เนอวาน่า ซ.โยธินพัฒนา ถ.ประดิษฐมนูธรรม','','คลองจั่น','กรุงเทพมหานคร','','','','081-8116137','','iamthekop@yahoo.com','อยุธยา อลิอันซ์ ซ๊พี บมจ. 898 อาคารเพลินจิตทาวเวอร์ ชั้น 6 ถ.เพลินจิต ปทุมวัน กทม. 10330','','','ปกติ'),(265,79,'พีรพล','เตชะวชิระ','พี','1/15','ถ.เย็นอากาศ','','ยานนาวา','กรุงเทพมหานคร','10120','','02-2491163','','','xendme@gmail.com','','','','ต้องมา'),(266,79,'พูลศิริ ','วงศ์วิเศษกิจ','ตุ้ม','132/46','ซอย เพิ่มพูนผล  ถ.จรัญสนิทวงศ์','บ้านช่างหล่อ','บางกอกน้อย','กรุงเทพมหานคร','10700','','','','','','SKY BLITE (1995) CO., LTD. 573/37 ซ.รามคำแหง 21 ถ.ศรีรา วังทองหลวง กทม. 10310','','','ปกติ'),(267,79,'มงคล','ธรรมจรีย์','มง','9/6','ซ.พหลโยธิน 46 ถ.พหลโยธิน 46','เสนานิคม','จตุจักร','กทม','10900','','','086-3000940','081-5640345','monggnom@yahoo.com','YIP IN TSOI GROUP','','','ปกติ'),(268,79,'ยศวัต','พิมุขมนัสกิจ','เก่ง','333/36','ม.ไม้ล้อมเรือน ถ.เฉลิมฯ ร.9','แขวงหนองบอน','เขตประเวศ','กรุงเทพมหานคร','10250','','','081-6400296','','yodsawat@hotmail.com','','','','ปกติ'),(269,79,'รุ่งชัย','ภูริวัฒนา','ป้อ','89/18 Rama2/33 Road','ถ.พระราม2/33','','จอมทอง','กรุงเทพมหานคร','10150','','0892055174','081-9888421','','paul_uf@yahoo.com','','','','ปกติ'),(270,79,'วชิราภรณ์','ทองทั่ว','ยุ้ย','84','ซอย วงศ์สว่าง 11  ถ.','วงศ์สว่าง','บางซื่อ','กรุงเทพมหานคร','10800','','','','','','อุบล SP คอนกรีต บจก. 237/1 ถ.วารินฯ-ศรีสะเกษ ต.คำน้ำแซบ อ.วารินชำราบ จ.อุบลราชธานี 34190','','','ปกติ'),(271,79,'วรวัฒน์','เกียรติคีรี','แจ๊ค','129/7','ถ.รัถการ','','หาดใหญ่','สงขลา','90110','','','081-6798095','','worawatk@yahoo.com','','','','ปกติ'),(272,79,'วราภรณ์ ','ต้องประสิทธิ์','กุง','50/3','ซอย เฉลิมสุข  ถ. รัชดาภิเษก','ลาดยาว','จตุจักร','กรุงเทพมหานคร','10900','','','081-6139883','','','','','','ต้องมา'),(273,79,'วศินี','หนุนภักดี','จุ๊ก','714','ซอย สายลม  ถ. พหลโยธิน','สามเสนใน','พญาไท','กรุงเทพมหานคร','10400','','','','','','กรมราชทัณฑ์ 29 ซ.สามัคคี 58/16 ต.ท่าทราย อ.เมือง จ.นนทบุรี 11000','','','ปกติ'),(274,79,'ศามน','เมฆจำเริญ','โก้','1082/9-12','ถ.พหลโยธิน','จอมพล','จตุจักร','กรุงเทพมหานคร','10900','','','089-6628900','','kosamon@yahoo.com','บมจ หลักทรัพย์ บัวหลวง','ชาย','ปีก','ปกติ'),(275,79,'ศิริพร','คติธรรมารักษ์','ปัต','310/1218','หมู่ที่ 3  หมู่บ้าน ปิ่นเจริญ 3  ซอย 6  ถ. สรงประภา','สีกัน','ดอนเมือง','กรุงเทพมหานคร','10210','','','','','','','','','ปกติ'),(276,79,'ศุภรัตน์','ลิ้มมงคล','ฮอลล์','161/145','ซ.อินทรามระ 41 ถ.สุทธิสาร','','ห้วยขวาง','กรุงเทพมหานคร','10310','','','081-7341617','','hallme@hotmail.com','Fluidra Thailand','ชาย','','ปกติ'),(277,79,'สุรศักดิ์','วนิชเวทย์พิบูล','บู้','3','ถ.มหรรณพ','เสาชิงช้า','พระนคร','กรุงเทพมหานคร','10200','','','081-8259633','','swbu@hotmail.com','','','','ปกติ'),(278,79,'อายุส','วัฒนวาณิชกร','เพ้ง','274/16','ถ.สวรรค์วิถี','ต.ปากน้ำโพ','อ.เมือง','นครสวรรค์','60000','','','','','','','','','ปกติ'),(279,80,'เกษราภรณ์','อาษาสุจริต','เปิ้ล','210/4','ซ.เพชรบุรี ถ.เพชรบุรี','','ราขเทวี','กรุงเทพมหานคร','10400','','','','','','สนามยูไนเต็ดสตีล บจก.','','','ปกติ'),(280,80,'คมสันต์','สุดประเสริฐ','คม','383','หมู่3','ต.ดอนยายหอม','อ.เมือง','จ.นครปฐม','73000','','','081-8039377','','hellokom@hotmail.com','บ.เกียร์เทค จก.','','','ต้องมา'),(281,80,'เฉลิมชัย','ฮุนพงษ์สิมานนท์','เหลิม','35/54','ซ.วัฒนวงศ์ ถ.ราชปรารภ','','เขตราชเทวี','กรุงเทพมหานคร','10400','','','','','','','','','ปกติ'),(282,80,'ชัยณรงค์','วงศ์อาจ','โอม','39/23','ซ.ชันเขต 2/19 ถ.งามวงศ์วาน','ทุ่งสองห้อง','หลักสี่','กรุงเทพมหานคร','10210','','','081-6249491','','','','','','ปกติ'),(283,80,'ธนา','สุยะ','โรม','77/295','อาคารราชเทวีทาวเวอร์','','ราชเทวี','กรุงเทพมหานคร','','','','081-6165420','','romebaki@hotmail.com','orient thai airline','','','ปกติ'),(284,80,'นรบดี','อ่องสาคร','ป้อม','450','ซ.เพชรบุรี5 ถ.เพชรบุรี','','เขตราชเทวี','กรุงเทพมหานคร','10400','','','089-646-7887','','norrabodee@gmail.com','','','','ต้องมา'),(285,80,'บุริศวร์','กิตติรังสิ','บุริศวร์','326/2-3','ถ.เอกมัย','','คลองเตย','กรุงเทพมหานคร','10110','','','','','','CUMMINS CO., LTD.','','','ปกติ'),(286,80,'บุษราภรณ์','วงศ์ไศลย์','โน้ต','46','ซ.จันทน์ 18/7 แยก 22 ถ.สาธรใต้','','เขตสาธร','กรุงเทพมหานคร','10120','','','086-614-4587','','chickybuddy@hotmail.com','nielson BASES','','','ปกติ'),(287,80,'ปณิธี','สุขสำราญ','ปาล์ม','779/4','ซ.ลือชา ถ.พหลโยธิน','สามเสนใน','พญาไท','กรุงเทพมหานคร','10400','','','','','','','','','ต้องมา'),(288,80,'ปิตินันท์','มติธนวิรุฬห์','กิ๊ก','17','ซ.ประสาทสุข ถ.เย็นอากาศ','','เขตยานนาวา','กรุงเทพมหานคร','10120','','','081-8313880','','tarx@hotmail.com','','','','ปกติ'),(289,80,'พงศธร','กิตติสิมานนท์','ต๊ะ','312/39','ซ.ศรีอยุธยา 7 ถ.ศรีอยุธยา','','ราชเทวี','กรุงเทพมหานคร','10400','892/1 ถ.ขุนสรรค์ ต.บางพุทรา อ.เมือง จ.สิงห์บุรี','','','','','','','','ปกติ'),(290,80,'ไพโรจน์','ปฏิสนธิเจริญ','โรจน์','10/279','วงแหวนนอก','บางแค','ภาษีเจริญ','กรุงเทพมหานคร','10160','','','','','','FUJITSU GENERAL ENGINEERING (THAILAND) CO., LTD.','','','ปกติ'),(291,80,'เฟื่องฉัตร','วรวุฒิวิทยารักษ์','เฟื่อง','65','ซ.รุ่งเรือง ถ.รัชดาภิเษก','','เขตห้วยขวาง','กรุงเทพมหานคร','','','','081-8556608','','fv@chinavut.com','Chinavut Marketing Co. ltd.','ชาย','','ต้องมา'),(293,80,'ภานุพงษ์','วงษ์มา','ตั้ม','211/37','ซ.ติวานนท์ 22 ถ.ติวานนท์','','อ.เมือง','จ.นนทบุรี','','','','834568080','','intania80@hotmail.com','csc','','','ปกติ'),(294,80,'ภิลานุช','ชมรูปสวย','น้ำหวาน','779/4','พหลโยธิน','สามเสนใน','พญาไท','กรุงเทพมหานคร','10400','57/31 ถ.เจริญประดิษฐ์ อ.เมือง จ.ปัตตานี 94000','','','','','ร้านฟอร์ไลฟ์ 13/20 ถ.เจริญประดิษฐ์ ต.สะบารัง อ.เมือง จ.ปัตตานี 94000','','','ปกติ'),(295,80,'มณีรัตน์','อนุโลมสมบัติ','นก','481','ซ.วานิช1','','สัมพันธวงศ์','กรุงเทพมหานคร','10100','','','','','','CRP','','','เปลี่ยนที่อยู่'),(296,80,'มนปรีดี','กัลยาศิริ','มี','59/364','ถ.พระราม 6 ซ.32','แขวงสามเสนใน','เขตพญาไท','กรุงเทพมหานคร','10400','','','087-0610808','','asretene@yahoo.com','บล.ภัทร จำกัด (มหาชน)','ชาย','การ์ด','ปกติ'),(297,80,'รณกร','ไวยวุฒิ','กานต์','79/636','ถ. พญาไท','','พญาไท','กรุงเทพมหานคร','','','','089-0066677','','ronnakorn.v@bu.ac.th','FKM-SIAM','ชาย','เซ็นเตอร์','ปกติ'),(298,80,'สมวิทย์','ลีลาประพาฬ','ลี','408/2','บ้านกรีนทาวน์ ถ.พัฒนาการ','','สวนหลวง','กรุงเทพมหานคร','10250','','','081-8153922','','sangmok78@hotmail.com','','','','ปกติ'),(299,80,'สยุมภู','ฉันทศาสตร์','หยุม,หนุ่ม','333/12-13','ถ.ไกรชนะ','','เมือง','สมุทรสงคราม','','','','083-5414655','','sayumpoh@hotmail.com','','','','ปกติ'),(300,80,'เสริมพร','พึ่งพรสวรรค์','จิม','19','ซ.ฟาร์มวัฒนา ถ.พระราม4','พระโขนง','คลองเตย','กรุงเทพมหานคร','','','','089-4995151','','sermporn_p@hotmail.com','การบินไทย บมจ. 89 ถ.วิภาวดี-รังสิต จอมพล จตุจักร กทม. 10900','','','ปกติ'),(301,80,'อนุวัตร','แววรวีวงศ์','ยีน','38/1','ถ.บวรสถิตย์','','อ.บ้านบึง','จ.ชลบุรี','','','','081-6520916','','anuwat_v@hotmail.com','','ชาย','','ต้องมา'),(302,80,'อุลิต','จาตุรแสงไพโรจน์','แตง','27/18','อาคารสาธรปาร์คเพรส ชั้น 9a','','ถ.สาธรใต้','กรุงเทพมหานคร','10120','','','','','','','','','ปกติ'),(303,80,'เอกภาพ','วนาภานุเบศ','โอ๋','71/23','ลาดพร้าว','จันทรเกษม','จตุจักร','จ.ชลบุรี','','','','081-8997176','','tung_oh@yahoo.com','LG Electronics Thailand Co, Ltd.','ชาย','ปีก','ปกติ'),(304,80,'เอศ','ชุมพลกาญจนา','เอศ','13','ซ.วชิรธรรมสาธิต 32 สุขุมวิท 101/1','บางจาก','พระโขนง','กรุงเทพมหานคร','10260','','','','','','','','','ปกติ'),(305,80,'ธนกฤต','สุดประเสริฐ','คม','383','หมู่3','','อ.เมือง','จ.นครปฐม','73000','','','081-8039377','','hellokom@hotmail.com','Dextrous engineering','ชาย','','ปกติ'),(307,80,'ภณิทธิ์','วนชยางค์กูล','ใหม่','38','ซ.มหาวงษ์ใต้ ถ.อโศก-ดินแดง','','ดินแดง','กรุงเทพมหานคร','','','','819352177','','v.panite@gmail.com','','','','ปกติ'),(308,81,'กฤษณพงศ์','วงศ์สว่าง','กิจ','153/51','ม.5 ถ.บางกรวย-ไทรน้อย','ต.บางกรวย','อ.บางกรวย','จ.นนทบุรี','11130','','','089-1140585','','','ปตท.สผ. บมจ.','','','ปกติ'),(309,81,'เจษฎ์','จำรูญโรจน์','เจด','222','ซ.เอกมัย 16 ถ.สุขุมวิท 63','คลองตันเหนือ','คลองเตย','กรุงเทพมหานคร','10110','','','086-777-0337','','jessebackpacker@gmail.com','บ.สุวิศว์ จำกัด','','Guard','ปกติ'),(310,81,'ชนาธิป','ธานีรัตน์','เบียร์','1/42','บางขุนเทียน ชายทะเล','ท่าข้าม','บางขุนเทียน','กรุงเทพมหานคร','10150','','','081-4386648','','bier845@yahoo.com','','','','ปกติ'),(311,81,'ธีรรัตน์','ตันเจริญวงศ์','เก่ง','1272','ม.8 ถ.เทพารักษ์','ต.เทพารักษ์','อ.เมือง','จ.สมุทรปราการ','10270','','','','','','','','','ปกติ'),(312,81,'ธีระนันท์','เจริญศิลป์','เต่า','35/231','หมู่ 3','คลองสาม','คลองหลวง ปทุมธานี','กรุงเทพมหานคร','','','','081-207-8500','','teeranunc@hotmail.com','ปตท.สผ.','','','ต้องมา'),(313,81,'นิพนธ์','วงษ์แสงอรุณศรี','หนึ่ง','9/26','ม.ชัยพฤกษ์ วงแหวน รามอินทรา คูบอน28 ถ.รามอินทรา','','เขตคันนายาว','กรุงเทพมหานคร','','','','081-7230086','','nipon@lge.com','LG Electronics(Thailand) co,Ltd','ชาย','ปีก','ปกติ'),(314,81,'วิภาศิริ','ตันเดชานุรัตน์','ยุ้ย','119/75','หมู่ 14','บางพึ่ง','พระประแดง','สสมุทรปราการ','10130','','','087-0958881','','yuiiiiuy@hotmail.com','','','','ปกติ'),(315,81,'สราวุธ','เมธาวี','ก้อย','10','ซ.ประชาชื่อน30 ถ.ประชาชื่น','','บางซื่อ','กรุงเทพมหานคร','','','','0860324370','','bg_entertainment@hotmail.com','','','','ปกติ'),(316,81,'สุประดิษฐ์','เหลืองดิลก','โน้ต','','','','','','-','','','081-8533448','','','','','','ที่อยู่ไม่ชัดเจน'),(317,81,'อรรถวิทย์','สุขโข','อรรถ','119/19','ติณสูศลานนท์','เข่ารูปช้าง','เมือง','สงขลา','90000','','','084-8742997','','s_attawit@hotmail.com','','','','ปกติ'),(318,81,'นัฐพล','นำปรัชญากุล','หนู (โน้ต)','34/186','หมู่บ้านนันทวัน ปิ่้นเกล้า พระราม 5 ถนนนครอินทร์','บางขุนกอง','บางกรวย','นนทบุรี','11130','','','081-303-2220','','notenattapon@hotmail.com','Chevron Thailand E&P Ltd. 19 SCB Park Plaza อาคาร3 ถนนรัชดาภิเษก จตุจักร กรุงเทพ 10900','ชาย','การ์ด','ปกติ'),(319,82,'ญาณกิตติ์','บำรุงพันธ์','Jack','199/17','ซ.สุขุมวิท 63','คลองตันเหนือ','วัฒนา','กรุงเทพมหานคร','10110','','','','','','','','','ที่อยู่ไม่ชัดเจน'),(320,82,'จักรพันธ์','เหลืองนฤมัตชัย','L','80/12','ซ.เพชรเกษม 39/2','','บางแค','กรุงเทพมหานคร','10160','','','','','intania82@engineer.com','','','','ปกติ'),(321,82,'ฉัตรดนัย','สุนพิชัย','คิด','51/9','ซ.พิชัย 2 ถ.เซนหลุยส์ 3 (สาธร11)','แขวงยานนาวา','เขตสาธร','กรุงเทพมหานคร','10120','','','','','','','','','ปกติ'),(322,82,'เฉลิมเกียรติ','ตั้งธนกิจโรจน์','เอี่ยม','354','ถ.เพชรเกษม','ต.หาดใหญ่','อ.หาดใหญ่','จ.สงขลา','90110','','','081-5415756','','hi_ul@yahoo.com','304/8 ถ.เพชรเกษม ต.หาดใหญ่ อ.หาดใหญ่ จ.สงขลา 90110','','','ปกติ'),(323,82,'ชัยพร','วิบูลย์กิจยาภากุล','First','486/48','ซ.ราษฎร์บูรณะ 9','','ราษฏร์บูรณะ','กรุงเทพมหานคร','10140','','','','','','','','','ปกติ'),(324,82,'ชิดชัย',' รัตนพงศ์สิริ','อ๊อบ','78/285','พัชรวิลล์ ซอย 10','พุทธมณฑลสาย','4','กรุงเทพมหานคร','10160','','','','','','','','','ปกติ'),(325,82,'ณัญจนา','ภู่วรวรรณ','นิ่ม','99/36','ถ.งามวงศ์วาน','ลาดยาว','จตุจักร','กรุงเทพมหานคร','10900','','','','','','','','','ปกติ'),(326,82,'ณัฐ','มาตรชัยภูมิ','นัท','54/267','หมู่บ้านผาสุข','แขวงศาลาธรรมสพน์','เขตทวีวัฒนา','กรุงเทพมหานคร','10170','','','086-5583479','','arnold_nat@hotmail.com','NXP Manufacturing.Ltd','','','ปกติ'),(327,82,'ดาษพิช','ทองนพเนื้อ','โย','100/91','ถ.เทศบาลนิมิตรเหนือ','ลาดยาว','จตุจักร','กรุงเทพมหานคร','10900','','','081-4819181','','dasapich@gmail.com','','','','ปกติ'),(328,82,'นฤพร','ศิริวันสาณฑ์','นีน่า','333/258','ถ.ประชาชื่น','ทุ่งสองห้อง','หลักสี่','กรุงเทพมหานคร','10210','','','0894956455','','naninanina@hotmail.com','siemens','หญิง','','ปกติ'),(329,82,'ปริตตา','โรจน์วิรุฬห์','โอ้','150/19','หมู่ 3','','อ.เมือง','ชลบุรี','20000','','','','','','ปตท. บมจ.','','','ปกติ'),(330,82,'ปอง','ยวกุล','ปอง','5/9','ถ.สุขุมวิท','','49','กรุงเทพมหานคร','10110','','','089-7776387','','pongy@th.ibm.com, pyawagun@yahoo.com','','','','ปกติ'),(331,82,'ปีรติ','เมษะมาน','จ๊อบ','349/30','ถ.ลาดพร้าว 16','ลาดยาว','จตุจักร','กรุงเทพมหานคร','10300','','','','','','','','','ปกติ'),(332,82,'พีรเมธ','นิมากร','คุง','26,28','ซ.รามคำแหง 65','หัวหมาก','บางกะปิ','กรุงเทพมหานคร','10240','','','891096589','','-','','ชาย','','ปกติ'),(333,82,'ภพภูมิ','ทิพย์ดนตรรี','ญีน','','','','','','-','','','','','','','','','ที่อยู่ไม่ชัดเจน'),(334,82,'ภวลดา','ชิตพงศ์','นุช','27/5','ถ.พิบูลสงคราม22 (วัดกำแพง1)','ต.ตลาดขวัญ','อ.เมือง','นนทบุรี','11000','','','089-4901900','','nuchleng@hotmail.com','','','','ต้องมา'),(335,82,'ภาคภูมิ','ศรัณย์เกตุ','ปิง','130/12','ถ.พญาไท','','','กรุงเทพมหานคร','10400','','','','','','','','','เปลี่ยนที่อยู่'),(336,82,'ภาวลี','พัชรินทร์ตนะกุล','ป้อม','37/32','ซ.เย็นจิตร ถ.จันทน์','','ยานนาวา','กรุงเทพมหานคร','10120','','','','','','','','','ปกติ'),(337,82,'ภูชิชย์','ดอนหงษา','ชาร์ป','9/20','ม.ชัยพฤกษ์ ถ.สุขาภิบาล 5','แขวงท่าแร้ง','เขตบางเขน','กรุงเทพมหานคร','10220','','29454996','081-5441772','','pushishd@hotmail.com','','','','ปกติ'),(338,82,'รฐิยา','อิสระชัยกุล','จิน','2/3','สุขุมวิท 16','','คลองเตย','กรุงเทพมหานคร','10110','','','081-8388872','','','','','','ปกติ'),(339,82,'ศิวนารถ','เทพพิทักษ์','ตาว','54/26','หมู่ 1 ถ.บางกรวยไทรน้อย','','บางกรวย','นนทบุรี','11130','','','','','','','','','ปกติ'),(340,82,'สมบูรณ์','แสงทิพย์กุล','Boat','270/10','ซ.เพิ่มสิน ถ.ประชาสงเคราะห์','','ดินแดง','กรุงเทพมหานคร','10320','','','','','','ไพรมัส ลีสซิ่ง บจก. 193/106-110 อาคารชุดเลครัชดา ออฟฟิสคอมเพล็กซ์ ชั้น 26 ถ.รัชดาภิเษก คลองเตย กทม. 10110','','','ปกติ'),(341,82,'สักรินทร์','สิริบูรณการ','หลิน','51/18','หมู่ 4','','เขตตลิ่งชัน','กรุงเทพมหานคร','','','','086-6260453','','lhinslam@hotmail.com','','','','ปกติ'),(342,82,'สิริ','โพธิแก้ว','ยุ่น','99/154','ซ. 35','หมู่บ้านขัยพฤกษ์','ถ.บางนาตราด','สมุทรปราการ','10540','','','081-9183364','','siriline@hotmail.com','','','','ปกติ'),(343,82,'อนุพงศ์','รังสินธุวัฒน์','โอ','17','ม.3 ถ.เทพฯ','ต.เกาะแก้ว','อ.เมือง','จ.ภูเก็ต','83200','','','','','','','','','ปกติ'),(344,82,'อาณัติ','พิทักษ์วาณิชย์','ต้อม','2920','ถ.มิตรภาพ','ต.ในเมือง','อ.เมือง','จ.นครราชสีมา','30000','','','081-4444784','','','TOYOTA MOTOR ASIA PACIFIC ENGINEERING & MANUFACTURING CO., LTD.','','','ปกติ'),(345,82,'เอกาญ','ปัญญาคำเลิศ','หญิง','916/34','อาคาร svcity ตึก 8 ถ.พระราม3','','ยานนาวา','กรุงเทพมหานคร','10120','','','081-6478207','','','','','','ปกติ'),(346,82,'ไพสิฐ','รวยลาภ','ปอย','168/90','เมโทรพาร์ค ถ.กัลปพฤกษ์','','ภาษีเจริญ','กทม','','','','814431559','','poyruaylarp@yahoo.com','','ชาย','เซ็นเตอร์','ปกติ'),(347,83,'กลชัย','เทิดพัพพะนันต์','x','','','','','','-','','','','','','','','','ที่อยู่ไม่ชัดเจน'),(348,83,'จิรวัฒน์','รุจิโรจน์สกุล','สัน','25','ซอยจันทน์ 25/1 ถ.จันทน์','แขวงทุ่งดอน','เขตสาธร','กรุงเทพมหานคร','10120','','','849285450','','sonozang@hotmail.com','pantavanij.co,LTD','','','ต้องมา'),(349,83,'ชาคริต','รักษมาตา','ต้น','53/6','ซ.สิริพจน์ ถ.สุขุมวิท','','สวนหลวง','กรุงเทพมหานคร','10250','','','','','','','','','ปกติ'),(350,83,'ฐานิต','สัจจริตานันท์','มิก','105','พัฒนาการ 46','สวนหลวง','สวนหลวง','กรุงเทพมหานคร','10250','','','','','','','','','ปกติ'),(351,83,'ณัฐวุฒิ','ธนศรีสถิตย์','ณัฐ','88/102-103','ซ.กำนันแม้น ถ.เอกชัย','แขวงจอมทอง','บางขุนเทียน','กรุงเทพมหานคร','10150','','','','','','','','','ปกติ'),(352,83,'ธีรชัย','ธีรเดชสกุล','หลง','67','ซ.นาทอง ถ.รัชดาภิเษก','','ดินแดง','กรุงเทพมหานคร','10320','','','','','','','','','ปกติ'),(353,83,'นันทนัช','เหาตะวานิช','นัช','195/37','ถ.พระราม  6','แขวงทุ่งพญาไท','เขตราชเทวี','กรุงเทพมหานคร','10400','','','','','','','','','ปกติ'),(354,83,'นิธิ','ประเสริฐวิทย์','นิ','43/30','ม.2','ต.ห้วยกะปิ','อ.เมือง','จ.ชลบุรี','20000','','38383922','081-8220843','','behighshooter@hotmail.com','','','','ปกติ'),(355,83,'ประพันธ์','ตันตยาภิรม','พัน','18/100','หมู่บ้านเดอะเทอเรซรามอินทรา ซอยรามอินทรา65','ท่าแร้ง','บางเขน','กรุงเทพมหานคร','10230','','','086-5394493','','Analis777@hotmail.com','ปตท.สผ.','','','ต้องมา'),(356,83,'ปริญญา','พิชญ์จรัล','เป้','294','ถ.ลาดหญ้า','','คลองสาน','กรุงเทพมหานคร','10600','','','','','','','','','ปกติ'),(357,83,'ปาริฉัตร','โรจน์วิรุฬห์','เอ้','347','จุฬาซ. 9 ถ.พระราม 4','','ปทุมวัน','กรุงเทพมหานคร','10330','','','','','','','','','ปกติ'),(358,83,'ปิยลาภ','มานะกิจ','ตูน','','','','','','-','','','','','','','','','ที่อยู่ไม่ชัดเจน'),(359,83,'ปิยะ','โอภาสสดใส','ไก่','582/87','ม.อยู่เจริญ ซ.7 ถ.อโศก-ดินแดง','','ดินแดง','กรุงเทพมหานคร','10320','','','','','','','','','ปกติ'),(360,83,'พิชญุตม์','จันทร์ภิบาล','ปอม','275','ซ.รัชดานิเวศน์ 2/7 ถ.ประชาราษฏร์บำเพ็ญ','แขวงสามเสนนอก','เขตห้วยขวาง','กรุงเทพมหานคร','10320','','','','','','','','','ปกติ'),(361,83,'ภควันต์','พงศ์พรพรต','โต','299/157','กาญจนาภิเษก','ดอกไม้','ประเวศ','กรุงเทพมหานคร','10250','','','087-1027787','','p.pakkawan@gmail.com','','','','ปกติ'),(362,83,'วรัตม์','ประพิณมงคลการ','แหลม','127/31','พหลโยธิน Park Condo ซ.พหลโยธิน ซ.พหลโยธิน14','สามเสนใน','พญาไท','กทม','10409','','','082-4596415','','jugcud34@hotmail.com','BANGKOK DATACOM','','ปีก','ปกติ'),(363,83,'ศรกนก','อภิชนาพงศ์','อ้อน','3/18','ซอยมัยลาภ (รามอินทรา 14) ถนน เกษตร-นวมินทร์','','เขตลาดพร้าว','กรุงเทพมหานคร','10230','','','081-8179247','','ornytime@yahoo.com','','','','ปกติ'),(364,83,'ศรินทร์','รัตนาภิรตานนท์','เน็ท','2/2','ม.','ต.โสนลอย','อ.บางบัวทอง','จ.นนทบุรี','11110','','','','','','','','','ปกติ'),(365,83,'สนิฎา','ประไพรตระกูล','ตอง','301/142','ถ.ประชาชื่น','ทุ่งสองห้อง','ดอนเมือง','กรุงเทพมหานคร','10210','','','','','','','','','ปกติ'),(366,83,'สรวีย์','กัมพลานุวัตร','เพลง','480/16','ซ.เพชรบุรี 18 ถ.เพชรบุรี','','ราชเทวี','กรุงเทพมหานคร','10400','','','819892772','','plengie@hotmail.com','','หญิง','','ปกติ'),(367,83,'สรัสธร','บำรุงวงศ์','จอย','2/388','ซ.พหลโยธิน 40','ลาดยาว','จตุจักร','กรุงเทพมหานคร','10900','','','','','','','','','เปลี่ยนที่อยู่'),(368,83,'สราวุฒิ','สัจจวีระกุล','S','1389/49','ซ.เอี่ยมยิ่ง ถ.จันทน์','แขวงทุ่งวัดดอน','สาธร','กรุงเทพมหานคร','10120','','','','','','','','','ปกติ'),(369,83,'สโรชินี','ปวีณรัตน์','ต้อง','100','ซ.รุ่งเรือง ถ.สุทธิสาร','','','กรุงเทพมหานคร','10310','','','','','','','','','ปกติ'),(370,83,'สิริกานต์','บุญบัญชาโชค','เหล่งเล้ง','1511/3-4','ถ.พหลโยธิน','สามเสนใน','พญาไท','กรุงเทพมหานคร','10400','','','814445333','','sirikarn@matrixconnecting.com','Cental Pattana Plc.','หญิง','','ปกติ'),(371,84,'กนกวรรณ','ลิ้มนุสนธิ์','นก','430/33','สยามสแควร์ ซ.7 ถ.พระราม 1','','ปทุมวัน','กรุงเทพมหานคร','10330','','','','','','','','','ปกติ'),(372,84,'คัทลียา','วิศาลวิทย์','กอล์ฟ','124','ศาลาแดง','สีลม','บางรัก','กรุงเทพมหานคร','10500','','','','','','','','','เปลี่ยนที่อยู่'),(373,84,'จิตตินันท์','ดอกไม้เทศ','เอ็ม','48','ถ.พระราม 6','สามเสนใน','พญาไท','กรุงเทพมหานคร','10400','','','','','','','','','ปกติ'),(374,84,'จุลยุทธ','อัศวเรืองชัย','นก','89/179','ม.นนทิชา ถ.รัตนาธิเบศร์','','อ.เมือง','จ.นนทบุรี','11000','','21958191','891991976','','twilightdema@hotmail.com','','','','ปกติ'),(375,84,'เฉลิมรัฐ','เทียมทัศน์','โบ๊ต','250/293-4','ม.ชวนชื่นกรีนวิลล์ ซ.6/4','ฉิมพลี','ตลิ่งชัน','กรุงเทพมหานคร','10170','','','','','','','','','ปกติ'),(376,84,'ชาคริต','เกิดศุป','เฉียด','','สุธิราแมนชั่น ห้อง 623','','','','','','','','','','','','','ที่อยู่ไม่ชัดเจน'),(377,84,'ธนวัชร','คงสมัย','','','','','','','-','','','','','','','','','ที่อยู่ไม่ชัดเจน'),(378,84,'ธนันต์','ยมจินดา','แป๊บ','100/246','','ทุ่งสองห้อง','หลักสี่','กรุงเทพมหานคร','10210','','','081-8743075','','','','','','ปกติ'),(379,84,'ธนานันท์','อรุณรักษ์ติชัย','ฮิม','1/45','หมู่บ้าน บ้าน ณ นครินทร์ ซ.สุภาพงษ์ 3 แยก 8 ถ.ศรีนครินทร์','','เขตประเวศ','กรุงเทพมหานคร','','','','081-8191394','','thananan@tohome.com','','ชาย','','ปกติ'),(380,84,'ธนิฎฐา','ตุมราศวิน','โนท','42/1','ซ.นันทา ถ.สาธรใต้','','สาธร','กรุงเทพมหานคร','10120','','','080-441-4945','','note_tanitta@hotmail.com','...','','','ปกติ'),(381,84,'เธียรพงศ์','โชคชัยเจริญ','เบนซ์','45/19','วัดท่าพระ','','บางกอกใหญ่','กรุงเทพมหานคร','10600','','','','','','','','','ที่อยู่ไม่ชัดเจน'),(382,84,'นพนันท์','นพศิริ','เต้','35/94','ม.บุราสิริ งามวงศ์วาน ประชาชื่น','ต.ท่าทราย','อ.เมือง','นนทบุรี','11000','','','081-8241500','','noppanan7@hotmail.com','PTTEP','ชาย','การ์ด','ปกติ'),(383,84,'บัญชา','วิโรจน์มนตรี','บ๋อม','128/440','อาคารพญาไทคอนโด ถ.พญาไท','','ราชเทวี','กรุงเทพมหานคร','10400','','','081-1951590','','babomy@hotmail.com','','','','ปกติ'),(384,84,'ปุณฑริก','นาคะศักดิ์เสวี','ปุน','63/152','','','ตลิ่งชัน','กรุงเทพมหานคร','10170','','','081-8593065','','','','','','เปลี่ยนที่อยู่'),(385,84,'ผการัตน์','พรหมอยู่','เหมียว','57','ถ.พหลโยธิน','สามเสนใน','พญาไท','กรุงเทพมหานคร','10400','','','','','','','','','ปกติ'),(386,84,'พลศักดิ์','โรจนศิรประภา','บิ๊ก','183','ถ.พัฒนาการ','ประเวศ','สวนหลวง','กรุงเทพมหานคร','10250','','','','','','','','','ที่อยู่ไม่ชัดเจน'),(387,84,'พัชร','รามอินทรา','พัชร','17/47','ซ.วิภาวดีรังสิต 2 ถ.วิภาวดีรังสิต','','ดินแดง','กรุงเทพมหานคร','10400','','','','','','','','','ปกติ'),(388,84,'พันสิน','บุศยดิลกสกุล','สิน','138/24-26','ถ.คฑาธร','ต.หน้าเมือง','อ.เมือง','จ.ราชบุรี','70000','','','085-1152928','','pan_i_sin@hotmail.com','','','','ปกติ'),(389,84,'พิชญะ','ต๊ะปินตา','ต้น','98/36','ถ.งามวงศ์วาน','ลาดยาว','จตุจักร','กรุงเทพมหานคร','10900','','','','','','','','','ปกติ'),(390,84,'พิชิต','ทิศทวีรัตน์','บิ๊ก','39/28','ถ.จรัญฯ','ท่าพระ','บางกอกใหญ่','กรุงเทพมหานคร','10600','','','081-6456457','','santa_v918@yahoo.com','','','','ปกติ'),(391,84,'ภราดร','ตีรประเสริฐ','เจ็ท','38','ถ.สาธุประดิษฐ์','','สาธร','กรุงเทพมหานคร','','','','084-0816743','','jet_eng@hotmail.com','','','','ปกติ'),(392,84,'มรกต','ว่องวทัญญู','นุ้ย','467','ซ.พัฒนาการ 53 ถ.พัฒนาการ','','สวนหลวง','กรุงเทพมหานคร','10250','','','','','','','','','ปกติ'),(393,84,'ยุทธภูมิ','บุญญศิริวัฒน์','หนึ่ง','432','ซ.สุภัทรพล ถ.ราชวิถี','สามเสนใน','พญาไท','กรุงเทพมหานคร','10400','','','','','','','','','ปกติ'),(394,84,'ฤทธิชัย','บุญแปลง','อู๋','599/84','ศุภาลัย อโศก-รัชดา','','ดินแดง','กรุงเทพมหานคร','','','','081-4441321','','au_ritti@hotmail.com','settrade.co','','','ปกติ'),(395,84,'วริษา','อมรชาญชัยกุล','เบล','4/375','ม.5 ซ.วัดสะแกงาม ถ.พระราม 2','แสมดำ','บางขุนเทียน','กรุงเทพมหานคร','10150','','','','','','','','','ปกติ'),(396,84,'วัชระชัย','พัฒนดิศัย','แจ็ค','12/46 หมู่บ้านพฤษาทาวน์','ถนนมาเจริญ','หนองแขม','หนองแขม','กรุงเทพมหานคร','10160','','','081-7007003','','watchara@bigth.com','Bangkok industrial gas','ชาย','เซ็นเตอร์','ปกติ'),(397,84,'ศรัญญา','ศิริวันสาณฑ์','ลิซ่า','333/258','ถ.ประชาชื่น','','หลักสี่','กรุงเทพมหานคร','','','','853229558','','saranya.s4@gmail.com','','','','ปกติ'),(398,84,'ศริญญา','สิทรัตตะกุล','ริน','116/374','ซ.พัฒนาการ 39 ถ.พัฒนาการ','','สวนหลวง','กรุงเทพมหานคร','10250','','','081-6488298','','','','','','ปกติ'),(399,84,'สินทรัพย์','พงษ์พิทักษ์ชัย','ทรัพย์','223/1','ซ.ยาสูบ ถ.วิภาวดีรังสิต','ลาดยาว','จตุจักร','กรุงเทพมหานคร','10400','','','','','','','','','ปกติ'),(400,84,'สุรพงษ์','ทองผดุงโรจน์','อั๋ง','','','','','','-','','','089-9255984','','surapoth@cementhai.co.th','','','','ที่อยู่ไม่ชัดเจน'),(401,84,'อรนุช','จันทร์รัฐิติกาล','นุ้ย','53/19','ม.กฤษดานคร ถ.แจ้งวัฒนะ','บางตลาด','ปากเกร็ด','นนทบุรี','11120','','','','','','','','','ปกติ'),(402,84,'อรรถพงศ์','ตันจันทร์พงศ์','cot','111/39','มัณฑนา อ่อนนุช วงแหวน 2 ถนน กาญจนาภิเษก','','ประเวศ','กรุงเทพมหานคร','','','','891449133','','cotjung@hotmail.com','','ชาย','เซ็นเตอร์','ปกติ'),(403,84,'ภาราดร','ตีรประเสริฐ','่เจ๊ต','38','สาธุประดิษฐ์','แขวงทุ่งวัดดอน','เขตสาทร','กทม','10120','','22114121','840816743','','jet_eng@hotmail.com','toyota motor thailand','ชาย','ปีก','ปกติ'),(404,85,'กฤชพล','เมฆวาฬจรัส','ตั้ม','101/23','มณียา 3 ซ.7 ถ.รัตนาธิเบศร์','ต.ไทรม้า','อ.เมือง','จ.นนทบุรี','11000','','','','','','','','','ปกติ'),(405,85,'เด่นชัย','วรเดชจำเริญ','เด่น','88/58','ถนนเลียบทางด่วนประชาอุทิศ','แขวงทุ่งครุ','เขตทุ่งครุ','กรุงเทพมหานคร','10140','','','877137451','','denchai119@hotmail.com','University of Nebraska at Lincoln, USA','','','ปกติ'),(406,85,'จุฑามาศ','เมธีสุวกุล','แอม','170','ซ.อินทามระ 26/1','','สุทธิสาร','กรุงเทพมหานคร','10400','','','089-7712777','','m_juthamas@hotmail.com','','','','ปกติ'),(407,85,'ชวิน','จิตพิพัฒน์พงศ์','วิน','78','ถ.หลวง','','เขตป้อมปราบ','กรุงเทพมหานคร','','','','083-0187925','','chawince@hotmail.com','chawin.ji@nissan.co.th','','','ปกติ'),(408,85,'ยศธร','นิรันดรวิชัย','ต้อง','60/149','ถ.รามอินทรา 40','','บึงกุ่ม','กรุงเทพมหานคร','10400','','29445170','805655582','','','','','','ปกติ'),(409,85,'ทวีลาภ','ธวัชปกรณ์','เนย','355','ซ.สมเด็จเจ้าพระยาฯ ถ.สมเด็จฯ','','เขตตลองสาน','กรุงเทพมหานคร','','','','089-7718908','','butter_cheesy@hotmail.com','','','','ปกติ'),(410,85,'ธชชภณ','ปัญจพงศภัค','คี้','78','ถ.หลวง','','เขตป้อมปราบ','กรุงเทพมหานคร','','','','081-8262689','','todchapon@gmail.com','ไทยชินเรียว จำกัด คลองตัน คลองเตย กทม','ชาย','','ปกติ'),(411,85,'ภณัฐ','วนชยางค์กูล','มีน','38','ถนนอโศก-ดินแดง','','ดินแดง','กรุงเทพมหานคร','','','53721166','817518199','','vpanut@gmail.com','AECOM Thailand','','','ปกติ'),(412,85,'ประมุข','ราษฎรวิจิตร','ใหม่','9/124','หมู่บ้าน','ปริญญาฉลองรัช','ถ.ประดิษฐมนูธรรม','ลาดพร้าว','10230','','29329332','813710431','','prm_mai@hotmail.com','','','','ปกติ'),(413,85,'ธีรนนท์  ','บุณยอุดมศาสตร์','นาย','15','khokaew rd','','panaunukhom','chonburi','20140','','38461199','813433894','','teeranon.boon@gmail.com','Toyota Motor ','ชาย','','ปกติ'),(414,85,'วีรชัย','เอกพลากร','วี','211/10','ถ.นนทรี','ต.ช่องนนทรี','เขตยานนาวา','กรุงเทพมหานคร','10120','','22947804','818374181','','biboon294@yahoo.com','www.Keyence.co.th','','','ปกติ'),(415,85,'ปรัชญา','เทพวรชัย','ตี้','1111/109','หมู่บ้านกลางเมืองรัชดา-ลาดพร้าว','ลาดยาว','จตุจักร','กรุงเทพมหานคร','10900','','','089-9669142','','teeevolution@hotmail.com','','','','ปกติ'),(416,85,'ยศวีร์','นิรันดร์วิชย','ต้อง','60/149','ถ.รามอินทรา 40','','บึงกุ่ม','กทม','','','','898121465','','yosavee@gmail.com','','ชาย','เซ็นเตอร์','ปกติ'),(417,86,'คมกฤษณ์','ธนกัลยารัตน์','เต้','767/2','ซ.ลือชา ถ.พหลโยธิน','สามเสนใน','พญาไท','กรุงเทพมหานคร','10400','','','089-1107672','','eighteen_tae@hotmail.com','','','','ปกติ'),(418,86,'ณรงค์เดช','แสงตะวัน','เจฟ','268','ซ.พระราม3/53 ถ.พระราม3','','เขตยานนาวา','กรุงเทพมหานคร','','','','083-6569105','','narongdech.sa@gmail.com','ที่บ้าน','','','ปกติ'),(419,86,'ณัฐกมล','โกมลวานิช','the rock','','','','','','-','','','089-8924853','','nutkamolk@hotmail.com','','','','ที่อยู่ไม่ชัดเจน'),(420,86,'นำพล','นิจพานิชย์','ดึ๋ง','366/109','ซ.สะพานขวา ถ.ประชาราษฏร์','','บางซื่อ','กรุงเทพมหานคร','10800','','45712538','085-9237147','','power_dun@hotmail.com','The Cool Service','ชาย','ปีก','ปกติ'),(421,86,'พรรสิฐฏ์','จิตสอาดกุล','เหมียว','2195/1-2','พระราม4','','คลองเตย','กรุงเทพมหานคร','10110','','26545546','890077748','','meawkub@hotmail.com','mp synergy co.,ltd.','ชาย','การ์ด','ปกติ'),(422,86,'เพิ่มชัย','ภูริวัฒนา','ป๊อป','89/18','หมู่ 6 ถนนพระราม2 ซอย33','แขวงบางมด','เขตจอมทอง','กรุงเทพมหานคร','10150','','','084-0440880','','poppulouzmos@hotmail.com','','','','ปกติ'),(423,86,'ภาวิต','ชำนาญนิธิอรรถ','ดุ๊ก','49','ซศุภราช 1 ถ.พหลโยธิน 8','เขตพญาไท','สามเสนใน','กรุงเทพมหานคร','10400','','','081-8745023','','sirduke37@hotmail.com','Michelin','','','ปกติ'),(424,86,'ศรีวรัตน์','ธัญลักษณ์ภาคย์','แพร','52/45','คอนโดแกรนด์หลังสวน ซ.หลังสวน ถ.เพลินจิต','','','กรุงเทพมหานคร','10330','','','081-8467611','','pearsri@hotmail.com','','','','ปกติ'),(425,86,'อมรเทพ','ชนะจรัญวิทย์','โอ๋','75','ซอยตากสิน9 ถนนตากสิน','','แขวงบุคคโล','กรุงเทพ','','','','089-2053514','','ohshiki_@hotmail.com','','','','ปกติ'),(426,86,'ชญานนท์','จูงพล','ปาล์ม','939/355','ถ.พหลโยธิน','คลองถนน','สายไหม','กรุงเทพมหานคร','10220','','','089-1348443','','','','','','ปกติ'),(427,86,'ณัษฐพร','กิจวรวุฒิ','ตรอง','188/51','ม.เศรษฐสิริ บางนา-วงแหวน ซอยรร.ราชวินิตบางแก้ว ถ.บางนา-ตราด','ต.บางแก้ว','อ.บางพลี','จ.สมุทรปราการ','10540','','','081-5287900','','j_angleforce@hotmail.com','','','','ปกติ'),(428,87,'ก้อง','ประจันพล','เอี้ยก้วย','234','หมู่1','','อ.เมืองเลย','จ.เลย','','','','087-4259889','','tabo_kongj@hotmail.com','','','','ปกติ'),(429,87,'จิร่วัส','วงศ์สัจจา','เอ๋ย','164/14','ม.สัมมากร ถ.สุขาภิบาล 3','เขตรามคำแหง','แขวงรามคำแหง','กรุงเทพมหานคร','10240','','23737330','867052962','','euykook_kook@hotmail.comm','','','','ปกติ'),(430,87,'ณัฐพล ','พีระเชื้อ','ตี๊','45/752','ม.พงษ์ศิริชัย 4','หนองค้างพลู','หนองแขม','กรุงเทพ','10160','','02-8124509','087-0850859','','t_beat_89@hotmail.com','กฟผ ส่วนกลาง นนทบุรี','ชาย','ปีก','ปกติ'),(431,87,'ทินชาติ','เอี่ยมสกุล','เปย','35/29','ซ.สุคนธสวัสดิ34 ถนนเกษตร-นวมินทร์','แขวงลาดพร้าว','เขตลาดพร้าว','กรุงเทพมหานคร','10230','','25709630','806616168','','m_rcuechio@hotmail.com','','','','ปกติ'),(432,87,'ธวัชชัย','เดชะนรานนท์','ตี่','1139','ซ.ตากสิน22 ถ.ตากสิน','แขวงบุคคโล','เขตธนบุรี','กรุงเทพมหานคร','10600','','','898162398','','tawatchai_compass@hotmail.com','','ชาย','','ปกติ'),(433,87,'นนท์','เก้านพรัตน์','','1417','ถ.เจริญนคร','','คลองสาน','กรุงเทพมหานคร','10600','','28602574','858102574','','non_kao@hotmail.com','','','','ปกติ'),(434,87,'นรเศรษฐ','เหลืองบริบูรณ์','ปุ๋ย','273/26','ซ.พงษ์เพชรนิเวศน์ ถ.ประชาชื่น','แขวงลาดยาว','เขตจตุจักร','กรุงเทพมหานคร','10900','','','086-786-2022','','norrapui@hotmail.com','','','','ปกติ'),(435,87,'นวรัตน์','เติมธนาสมบัติ','แหวน','4/3','หมู่ 4 ซ,ดอนแจง3','ต.ดอนตะโก','อ.เมือง','จ.ราชบุรี','70000','','32314716','867862022','','norrapui@hotmail.com','','','','ปกติ'),(436,87,'นันท์ชนก','เมฆมาสิน','นัน','16/11','ม.สวนนครินทร์ ถ.ศรีนครินทร์','หนองบอน','ประเวศ','กรุงเทพมหานคร','10250','','23989320','891099796','','nnnun@hotmail.com','','','','ปกติ'),(437,87,'บัณฑิต','ฐานะโสภณ','แจ็ค','125/364','ซ.4/4 ม.แมกไม้ ถ.รามอินทา 103/3','รามอินทา','คันนายาว','กรุงเทพ','10230','','','091-8856758','','bunditly@gmail.com','','','','ปกติ'),(438,87,'ประณัย','ศานติวงษ์การ','โจ้','3/7-8','ถ.ศาลาแดง','แขวงศาลาแดง','เขตบางรัก','กรุงเทพมหานคร','10500','','','081-5580789','','crazyjojo38@yahoo.com','P&G','','','ปกติ'),(439,87,'พิมพ์ธีรา','บุญใจ','เมอิ','34','ถ.สาธุประดิษฐ์10','','เขตสาทร','กรุงเทพมหานคร','','','22122627','814488875','','pimteera.b@gmail.com','','','','ปกติ'),(440,87,'พีรยา','อินทร์ยิ้ม','ออม','5/136','ซ.นนทบุรี 42 ถ.สนามบินน้ำ','ต.บางกระสอ','อ.เมือง','จ.นนทบุรี','11000','','29504229','086-809-9551','','iamoom@hotmail.com','','','','ปกติ'),(441,87,'ภาณุนี ','ทองประสม','แตงโม','5/37','ม.ชัยพฤกษ์ ถ.รามอินทรา','แขวงท่าแร้ง','เขตบางเขน','กรุงเทพมหานคร','10220','','29456390','819220448','','tangmocud38@hotmail.com','','','','ปกติ'),(442,87,'เมธี','กฤษณาสกุล','มิกค์','999/54','ซ.เกศินีวิลล์ ถ.ประชาอุทิศ','','ห้วยขวาง','กรุงเทพมหานคร','10320','','','892005082','','mtksns@hotmail.com','SCG.','','','ปกติ'),(443,87,'ยุวนันท์','ศรีประพฤทธิ์ชัย','เมย์จุก','48/71','ม.โกลเด้นแลนด์','','เขตทวีวัฒนา','กรุงเทพมหานคร','','','24480146','866778863','','may_mayee@hotmail.com','S.K.Y.engineering.co,LTD','','','ปกติ'),(444,87,'เยาวภา','อริยขจร','เยาว์','30','หมู่บ้านรุ่งเจริญ ซอยประวิทย์และเพื่อน','บางจาก','พระโขนง','กรุงเทพมหานคร','10260','','27489922','890087272','','yaowapa_a@hotmail.com','','','','ปกติ'),(445,87,'วนัชพร','ณ เชียงใหม่','นัท','204/15','ซ.9/1 ม.ผาสุก ถ.พัฒนาการ','','ประเวศ','กรุงเทพมหานคร','10250','','23223978','817011026','','','','','','ปกติ'),(446,87,'วิทย์','มหาปิยศิลป์','วิทย์','105','ซ.ลาดหญ้า 1','','คลองสาน','กรุงเทพมหานคร','10600','','24384627','812553131','','wit.saint@gmail.com','','','','ปกติ'),(447,87,'สิริพล','มโนชีวะ','ตี้','171/1','ถ.รามคำแหง','สะพานสูง','บางกะปิ','กทม','10240','','','089-2035623','','never04@hotmail.com','','','','ปกติ'),(448,87,'อัญญวีณ์','กาญจนธนาเลิศ','ยาหยี','291','สุขุมวิท62','บางจาก','พระโขนง','กรุงเทพมหานคร','10260','','23115477','086-5569790','','devilyee@hotmail.com','','','','ปกติ'),(449,87,'อาทิตย์','คุรุรัตน์ชับกุล','อ๋อง','640','ซ.B2 หมู่บ้านสนธร','ต.บางหูน','อ.เมือง','จ.ปทุมธานี','12000','','','089-1222772','','ongshine_ong@hotmail.com','','','','ปกติ'),(450,87,'ณธกฤษ','เอี่ยมสกุล','เฟย','35/29','ซ.สุคนธสวัสดิ34 ถนนเกษตร-นวมินทร์','แขวงลาดพร้าว','เขตลาดพร้าว','กรุงเทพมหานคร','10230','','25709630','806616168','','m_rcuechio@hotmail.com','','ชาย','เซ็นเตอร์','ปกติ'),(451,88,'กนกวรรณ','กุลลาวัณย์','วรรณ','95','ถ.บ้านหม้อ','แขวงวังบูรพา','เขตพระนคร','กรุงเทพมหานคร','10200','','','863073625','','naoki_wanny@hotmail.com','','','','ปกติ'),(452,88,'กมลวรรณ','เรืองพัฒนทวี','วรรณ','35/10','ซ.ศูนย์การค้าสาย1','ต.ท่าประดู่','อ.เมือง','จ.ระยอง','21000','','','879399309','','waniwou@hotmail.com','','','','ปกติ'),(453,88,'กัญจน์','โฆษิตชัยวัฒน์','กัน','53/69','หมู่ 1 ถ.รังสิต-ปทุม','ต.บ้านกลาง','อ.เมือง','จ.ปทุมธานี','12000','','29596045','859129961','','gundam_k@hotmail.com','ปตท.สผ.','','','ปกติ'),(454,88,'กิตติธัช','เลาห์อุทัยวัฒนา','ผิง','456/210','คอนโดดิแอดเดรส สยาม ถนนเพชรบุรี','','เขตราชเทวี','กทม','','','22542095','866541055','','justi_faiz@hotmail.com','','','','ปกติ'),(455,88,'จตุพร','ทรายสมุทร','pop','916','ซอยลาดพร้าว71 ถนนลาดพร้าว','','ลาดพร้าว','กรุงเทพมหานคร','','','','085-9200687','','','','','','ปกติ'),(456,88,'ชนพล','ภูริปัญโญ','gunk','183/1','ถ.สามเสน','วัดสามพระยา','เขตพระนคร','กรุงเทพมหานคร','10200','','26286584','816534221','','gunksgoo@hotmail.com','chevron thailand exploation and production','','','ปกติ'),(457,88,'ดนุพงศ์','ชิรวานิช','วิน','8/550','สุขุมวิท 50','พระขโนง','คลองเตย','กรุงเทพมหานคร','10260','','','089-793-9300','','muchimoke@hotmail.com','','','','ปกติ'),(458,88,'ดลหทัย','อัตถากร','Nok','499/1','ถ.พัฒนาการ','','สวนหลวง','กรุงเทพมหานคร','10250','','23002998','830741221','','noksssssss@hotmail.com','บมจ.บางจาก ปิโตรเลียม ','','','ที่อยู่ไม่ชัดเจน'),(459,88,'ถิรนันท์ ','อรุณวัฒนกูล','Neung','50/69','ซ.เพชรเกษม 69 ถ.เพชรเกษม','หนองแขม','หนองแขม','กรุงเทพมหานคร','10160','','28066580','850651202','','thiraneung@hotmail.com','','','','ปกติ'),(460,88,'ปรัชยนต์','นิติวัฒนานนท์','Sound','89/5','ซอยอารีย์สัมพันธ์3 ถ.พหลโยธิน','แขวงสามเสนใน','เขตพญาไท','กรุงเทพมหานคร','10400','','26171659','081-1075649','','prachayon@hotmail.com','','','','ปกติ'),(461,88,'พหล','ชื่นชูผล','หล','92/3','ซอยอารีย์สัมพันธ์ 2','พหลโยธิน','พญาไท','กทม','10400','','','086-7914477','','pickie_pitt@hotmail.com','Thaiplastic&chemical PCL','','','ปกติ'),(462,88,'ภัทร','การัณย์โกวิท','ตั๋ง','93/27','ซ.พิชัย ถนนสาทร','แขวงยานนาวา','เขตสาทร','กรุงเทพมหานคร','10120','','','841472085','','gtrikertung@hotmail.com','ปูนนครหลวง','','','ปกติ'),(463,88,'เมธี','เกียรติสกุลพันธุ์','เติ้ล','286','ซ.เจริญกรุง 67','','เขตสาทร','กรุงเทพมหานคร','','','','089-9277297','','mathee60@hotmail.com','PTTEP','ชาย','เซ็นเตอร์','ปกติ'),(464,88,'สิริมา','เจริญสุข','โจ๊ก','169','ซ.รักษาการณ์ 25','ต.ปากน้ำ','อ.เมือง','จ.สมุทรปราการ','10270','','23845412','841381189','','ajoker104@hotmail.com','','','','ปกติ'),(465,88,'สุพพร','ฟูประทีปศิริ','oMe','590','ลาดพร้าว 94','แขวงวังทองหลาง','เขตวังทองหลาง','กรุงเทพมหานคร','10310','','25382030','840241839','','supporn_f@yahoo.com','','','','ปกติ'),(466,88,'หฤทยา','ติยะรัตนกูร','นิว','99/34','ซ.สิทธิชัย ถ.กรุงเทพนนท์','วงสว่าง','บางซื่อ','กรุงเทพมหานคร','10800','','29121462','092-5519455','','newnvj@hotmail.com','บ.ปิ่นสุวรรณจำกัด','','','ปกติ'),(467,88,'อะนะ','แพร่พิพัฒน์มงคล','haM','916','ซอยลาดพร้าว71 ถนนลาดพร้าว','','ลาดพร้าว','กรุงเทพมหานคร','10230','','','','','','','','','ปกติ'),(468,89,'ปิยะรัฐ','สุทธิบุตร','ออย','121/177','ถ.จรัญฯ25','บางขุนศรี','บางกอกน้อย','กรุงเทพมหานคร','10700','','024114740','0892048008','','piyarat.s@egat.co.th','EGAT','','SHOOTING  GUARD','ปกติ'),(469,89,'กรกฏ','กมลเนตรพิสุทธิ์','กร','5','ซ.จันทร์59 แยก2 ถ.จันทร์','แขวงวัดพระยาไกร','เขตบางคอแหลม','กรุงเทพมหานคร','10120','','','081-4904449','','karittus@hotmail.com','','','','ปกติ'),(470,89,'กรินทร์','โคมิน','แบงค์','39','ม.ผกามาศ ถ.พัฒนาการ20','','สวนหลวง','กรุงเทพฯ','10250','','23191231','896704340','','bankkomin@hotmail.com','','','','ปกติ'),(471,89,'ดลวัฒน์','วนิชเวทย์พิบูล','บอร์น','3','ถ.มหรรณพ','','พระนคร','กทม','','','22240061','894978788','','dolawatw@windowslive.com','Crawford and Company','','','ปกติ'),(472,89,'นิพนธ์','เดชาเลิศ','อ้อน','698/61','ไอคีโอมิกซ์ พหลโยธิน','','พญาไท','กรุงเทพมหานคร','','','','846809712','','armduchi_disorder@hotmail.com','PTTEP Co., Ltd.','ชาย','ปีก','ปกติ'),(473,89,'ปณิธาน','ศรีอินทร์','ปั้น','90/2','เพชรบุรี 7','ทุ่งพญาไท','พญาไท','กรุงเทพมหานคร','','','','090-4834016','086-5524966','pun_major@hotmail.com','หลักทรัพย์ บัวหลวง','ชาย','ปีก','ที่อยู่ไม่ชัดเจน'),(474,89,'พชร','อารยะการกุล','โบ๊ท','100','ซอยสุขุมวิท85','บางจาก','พระโขนง','กรุงเทพมหานคร','10260','','','891119171','','pochara@hotmail.com','','','','ปกติ'),(475,89,'เอกรัตน์','วีระพันธ์','โอม','4/1147','ซ.57 ม.สหกรณ์','คลองกุ่ม','บึงกุ่ม','กรุงเทพมหานคร','10240','','','086-5450877','','','','','','ปกติ'),(476,89,'เอกพงศ์','อังศรีประเสริฐ','พงศ์','566/76','ซ.กิจพานิช ถ.พระรามสี่','มหาพฤฒาราม','บางรัก','กรุงเทพมหานคร','10500','','','896992466','','angsri.e@gmail.com','','','','ปกติ'),(477,89,'วัทน์สิริ','ไชกิจภิญโญ','โจ้','499/120','หมู่บ้านราชาซิตี้','','อ.เมือง','จังหวัดขอนแก่น','','','','817177259','','','','','','ปกติ'),(478,89,'อรรถพล','โชวใจมีสุข','อาร์ม เข่า','4236/200','ซ.ประดู่1 ถ.พระราม3','','เขตบางคอแหลม','กรุงเทพมหานคร','','','22894737','0880986855','','chowjaimeesuk@hotmail.com','CIMB Thai','','','ปกติ'),(479,89,'ธนวัฒน์','เสรีส่งแสง','ต๊ะ','','','','','','-','','','869987770','','taflow_et@hotmail.com','','','','ที่อยู่ไม่ชัดเจน'),(480,89,'สุริสา','แสงดี','air','111/257','หมู่3','','อ.เมือง','จ.นนทบุรี','','','25943807','865312570','','ss_air@hotmail.com','EGAT','หญิง','ปีก,การ์ด','ปกติ'),(481,89,'สวิตตา','ไตรมิตร','กุล','54/19','หมู่ 3','ต.งิ้วราย','อ.นครชัยศรี','จ.นครปฐม','73120','','34299545','843833223','','nongnu_ku@hotmail.com','EEC-IE','หญิง','','ปกติ'),(482,90,'ณัฐพงศ์','สมานจารุวรรณ','อาร์ต','171/3-4','ถนนสรรพสิทธิ์','ในเมือง','อ.เมือง','จ.นครราชสีมา','30000','','44265860','081-393-1760','','theans3@gmail.com','-','ชาย','ปีก,การ์ด','ปกติ'),(483,90,'ธนา','พงษ์กิตติหล้า','อู๋','','ซอย ศิริโสภา ถ.บำรุงเมือง','','เขตพระนคร','กรุงเทพมหานคร','','','22210551','875003046','','mootoo_int@hotmail.com','','','','ปกติ'),(484,90,'พงศ์พัฒน์','ลีลารัตนกุล','JACK','161/11','ซ.ฟูศัดดิ์ ถ.เจริญเมือง','รองเมือง','ปทุมวัน','กรุงเทพ','10330','','','879999948','','p.leelaratanakul@gmail.com','','','','ที่อยู่ไม่ชัดเจน'),(485,90,'รัชพงศ์','ศิริวงศ์ไพศาล','แจ๊ค','96/102','RB712 รัชดาซิตี้คอนโด ซ.ไพศาล ถ.ประชาราษฎร์บำเพ็ญ','','ห้วยขวาง','กรุงเทพมหานคร','','','','869609925','','j.ratchapong@gmail.com','','','','ปกติ'),(486,90,'ภูบดี','วณิชชาธรรมกุล','ฟิล์ม','10/1','ซ.อุดม ถ.ประชาสงเคราะห์','ดินแดง','ดินแดง','กรุงเทพมหานคร','10400','','22451095','815516617','','film_w@hotmail.com','TMAP-EM','ชาย','การ์ด','ปกติ'),(487,90,'เสวิตรา','วรเลิศ','แพน','','','','','','-','','','810387699','','sewitra.w@gmail.com','','','','ที่อยู่ไม่ชัดเจน'),(488,90,'เศกรัฐ','อาสาสุวรรณ','บาส','671','ซ.จรัญสนิทวงศ์71  ถ.จรัญสนิทวงศ์','แขวงบางพลัด','เขตบางพลัด','กรุงเทพมหานคร','10700','','28802709','867588795','','a.saekkarat@gmail.com','','','','ปกติ'),(489,90,'ลักษิกา','สุริยฉัตรกุล','เพลง','923/59','ถ.เอกชัย','','อ.เมือง','จ.สมุทรสาคร','','','34836330','087-6000522','','kaza_plang_19@hotmail.com','Lixil Thailand','หญิง','ปีก','ปกติ'),(490,90,'ลีนา','เอื้อบำรุงจิต','ลี','344','ถ.พญาไม้','แขวงบ้านสมเด็จเจ้าพระยา','เขตคลองสาน','กรุงเทพมหานคร','10600','','','089-9938222','','uleena@hotmail.com','unilever','หญิง','ปีก','ปกติ'),(492,90,'บาส','','บาส','','','','','','-','','','','','','','','','ที่อยู่ไม่ชัดเจน'),(493,90,'Nattachai','Semsantid','MoMo','70/68','Perfect Place V.','รามคำแหง','มีนบุรี','กรุงเทพมหานคร','10510','','','837827083','','intersofts@hotmail.com','','','','ปกติ'),(494,90,'ภัทรวดี','จรัสพัฒน์','แจน','310/109','ม.2 หมู่บ้านดุลิยาทิพย์ ซ.ประชาอุทิศ76 ต.บ้านคลองสวน','','พระสมุทรเจดีย์','สมุทรปราการ','','','','081-7792929','','jannjant@hotmail.com','','','','ปกติ'),(495,90,'มาริษา','มีชูนึก','โม','90/529','หมู่บ้านจงสุข ซ.วงศ์สว่าง19 ถ.วงศ์สว่าง','','บางซื่อ','กรุงเทพมหานคร','','','','082-4559998','','sandlemon@hotmail.com','worleyparsons','หญิง','ปีก','ปกติ'),(496,90,'ดนัย','สุวธรรมานนท์','ได๋','154/4','ม.12 ถ.เขาวัง-น้ำพุ','','อ.เมือง','จ.ราชบุรี','','','','086-364-8420','','snap_z@hotmail.com','Thai Takenaka International Ltd.','ชาย','ปีก,เซ็นเตอร์','ปกติ'),(497,90,'นพวงศ์','เฉลิมลาภวรบูรณ์','ย้ง','50/268','ถ.เพชรเกษม ซ.เพชรเกษม 69','หนองแขม','หนองแขม','กรุงเทพมหานคร','10160','','24456071','846496645','','noppavong.c@fibosoftware.co.th','','','','ปกติ'),(498,90,'ลักษณ์นา','คูหะวัฒนา','แพน','39-41','ถ.ลาดหญ้า','','เขตคลองสาน','กรุงเทพ','10600','','','081-7909903','098-2545678','panny_blue@hotmail.com','Global Adjusting Technical Services (Thailand) Ltd.','หญิง','เซ็นเตอร์','ปกติ'),(499,90,'ชนกนันท์','ฉินนานนท์','แบงค์','11/50','หมู่บ้าน นาราสิริ ถนน กาญจนาภิเษก','หลักสอง','บางแค','กทม','10160','','','849791718','','chanoknanccc@gmail.com','','ชาย','การ์ด','ปกติ'),(500,91,'พิไลพรรณ','อุนชู','แอน (สวย)','','','','','','-','','','083-7733533','','ultraann.annie@gmail.com','','','','ที่อยู่ไม่ชัดเจน'),(501,91,'ณพล','รัชตะสัมฤทธิ์','เดค','1/39','ซอยจุลดิศ ถนนเพชรบุรี','','เขตราชเทวี','กรุงเทพมหานคร','10400','','26539651','851367122','','napoleon.103@gmail.com','','','','ปกติ'),(502,91,'คเณศ','ตรงชัยเจริญ','กานต์','50','ซ.6 ม.สวนแหลมทอง2 ถ.พัฒนาการ 28','','สวนหลวง','กรุงเทพมหานคร','','','','865265615','','karn_736@hotmail.com','Toyota Daihatsu Engineering and Manufacturing','ชาย','การ์ด','ปกติ'),(503,91,'ธนาธิป','รักษกุลวิทยา','ปลาย','','','','','','-','','','813619770','','plykung_za@hotmail.com','','','','ที่อยู่ไม่ชัดเจน'),(504,91,'พงศธร','เดชานุภาพ','ซัว','163/4','หมู่บ้านซื่อตรง ถนนเสนานิคม ซอย 15','','เขตจตุจักร','กรุงเทพ','10900','','','814311389','','pongsatorn_d@hotmail.com','ทำงานที่บ้าน ','ชาย','เซ็นเตอร์','ปกติ'),(506,91,'ณัฐ','ดุรงคเวโรจน์','ณัฐ','52/24','สุขุมวิท 3','นานา','วัฒนา','กรุงเทพมหานคร','10110','','22534974','858074399','','nat.durongkaveroj@gmail.com','','','','ปกติ'),(507,91,'ลักษิกา','กองวิเชียร','ควีน','','','','','','-','','','868861322','','queen_36889@hotmail.com','','','','ที่อยู่ไม่ชัดเจน'),(508,91,'ณัฐภัท','โชติจักรดิกุล','เต้ (ปิโตร)','250/56','supalai park ratchayothin ถ.รัชดาภิเษก','','จตุจักร','กทม','10900','','','090-0161279','','unoho@live.com','','','','ปกติ'),(509,91,'ปรีชญา','สุมนาพันธุ์','บะหมี่','3199/71','คอนโดวิตี้โฮมทาวเวอร์ สุขุมวิท 101/2','','บางนา','กทม','10260','','23982078','081-8314758','','p_sumanapun@hotmail.com','','หญิง','','ปกติ'),(510,91,'บุญญฤทธิ์','ชาญชัยศึก','โหนะ','103/4','อุดมสุข28 สุขุมวิท 103','','บางนา','กรุงเทพมหานคร','10260','','27494536','832435025','','boon_z89@hotmail.com','','','','เปลี่ยนที่อยู่'),(511,91,'โชติวัฒน์','ฉวรรณกุล','ท้อป','199/9','ซ.ท้าวอู่ทอง11 ถ.ท้าวอู่ทอง-ดอนแจง','ต.ดอนตะโก','อ.เมือง','จ.ราชบุรี','70000','','','081-4345160','','chawannakul@hotmail.com','บ.ทรูเวฟ (ประเทศไทย) จำกัด','ชาย','เซ็นเตอร์','ปกติ'),(512,91,'สุพพร','จิวาลัย','โอม','376/51','สลิลธาราคอนโด','','บางคอแหลม','กรุงเทพมหานคร','10120','','','081-7879139','','ome_cud@yahoo.com','','','','ปกติ'),(513,91,'ปกรณ์','อัศวพิศาลบูลย์','ปุ้มปุ้ย','218-220','','','อ.ท่ามะกา','จ.กาญจนบุรี','','','34561119','0925474545','','pumjang_dunky@hotmail.com','หจก.ธนูทอง บริการ','','','ปกติ'),(514,91,'ดลวัฒน์','กาญจนาเพ็ญกุล','ซัน','114','ถ.บางนา-ตราด 27','แขวงบางนา','เขตบางนา','กรุงเทพมหานคร','10260','','','084-4211960','','dollawat@coolinspired.com','บริษัท เดอะคูล ','','','ปกติ'),(515,91,'เพียงวารุณ','อัศวอารีย์','ดุ๊ยดุ่ย','','','','','','-','','','851126626','','duiduidd@hotmail.com','','','','ที่อยู่ไม่ชัดเจน'),(516,91,'อัครเดช','เตชะเกสรี','เบนซ์','72/1','ถ.เทพารักษ์','ต.บางพลีใหญ่','อ.บางพลี','จ.สมุทรปราการ','10540','','','814598403','','nakako_naru@hotmail.com','','','','ปกติ'),(517,91,'กฤษฎา','เพียรเสมอ','หมี','688/148','wish@siam condo','','ราชเทวี','กรุงเทพมหานคร','10400','','','870414645','','gumdan_v3@hotmail.com','กฟผ','ชาย','เซ็นเตอร์','ปกติ'),(518,91,'อารียา','ศรีชัยพฤกษ์','พิน','650/3-4','ถ.สามเสน','แขวงดุสิต','แขตดุสิต','กรุงเทพมหานคร','10300','','26689765','086-7802807','','pinpong_chae_chae@hotmail.com','','หญิง','','ปกติ'),(519,91,'ธนพล','ลิ้มทองกุล','ฮก','580/20-21','ซ.คอนโดพรปิยะ 32/1 ถ.ประชาราษฎร์ สาย1','แขวงบางซื่อ','เขตบางซื่อ','กรุงเทพมหานคร','10800','','25870234','083-5554474','','limithongkul.t@gmail.com','Procter&Gamble','ชาย','เซ็นเตอร์','ปกติ'),(520,91,'ศิวัตม์','เฮงสกุล','Micky','20','ซ.ลาซาล11 ถนนสุขุมวิท','','บางนา','กรุงเทพมหานคร','10260','','','090-971-0655','','Siwat.hengsakul@gmail.com','','','','ปกติ'),(521,91,'ไชยาภรณ์','สุรเนตินัย','โม','502/25','ถ.สุขสวัสดิ์','แขวงจอมทอง','เขตจอมทอง','กรุงเทพมหานคร','10150','773/21 ถ.พรานนก บ้านช่างหล่อ บางกอกน้อย กทม. 10700','24680611','869998798','','iimo@hotmail.com','','','','ปกติ'),(522,92,'กฤติมา','สันติวัฒนา','เบล','233/570','ซ.7/1 หมูบ้านนันทวัน ถ.ศรีนครินทร์','','อ.เมือง','จ.สมุทรปราการ','10270','','','081-5515711','','moodd.de@gmail.com','EGS-plan (Bangkok)','','การ์ด','ปกติ'),(523,92,'พิทวัส','มงคลรัฐ','บอนน์','299/434','ซอย สุขุมวิท 101','บางจาก','พระโขนง','กรุงเทพ','10260','','','089-7426168','','pittawatm@gmail.com','-','ชาย','เซ็นเตอร์','ปกติ'),(524,92,'ปฐวี','รังสิยานนท์','ปอ','89/809','ซ.โอฬาร 2  ถนนนวมินทร์','คลองกุ่ม','บึงกุ่ม','กรุงเทพ','10240','','','085-910-3930','','who_am_por@hotmail.com','','ชาย','','ปกติ'),(525,92,'สรวิศ','ไพบูลย์รัตนากร','ยีราฟ','381ญ.','ซ.ท่าเรือพลี','ต.บางปลาสร้อย','อ.เมือง','จ.ชลบุรี','20000','','38284396','897472288','','sorawit_G@hotmail.com','not sure','ชาย','ปีก','ปกติ'),(526,92,'กุลนันทน์','ดาวไธสง','เต้ย/เตย','***','ดูที่อยู่2','','','','','2 Chestnut Dr. Banksia NSW Australia 2216','','846102504','','ruzz_snowglz@hotmail.com','Banksia\nNSW\nAustralia\n2 Chestnut Dr. Banksia NSW Australia 2216','','','ที่อยู่ไม่ชัดเจน'),(527,92,'ณัทภรภัทร','ทิพย์ใจเอื้อ','Joice','50/495','ซอยนวมินทร์ 26 แยก 3 ถนนนวมินทร์','คลองกุ่ม','บึงกุ่ม','กรุงเทพฯ','10240','','','085 199 2709','090-1978341','nuttapti@gmail.com','','หญิง','','ปกติ'),(528,92,'ณัฐพร','พรโสภนากร','ฟี่','71','ซอยสะพานเตี้ย ถนนสี่พระยา','','บางรัก','กรุงเทพฯ','10500','','22664370','814464416','','buf_fee@hotmail.com','','','','ปกติ'),(529,92,'จิรเมธ','ทีฆวีรกิจ','แอล','113-115','','คลองเตย','ถ.สุนทรโกษา','กทม','10110','','22492936','830742244','','chaprey@hotmail.com','YIC-AP','ชาย','','เปลี่ยนที่อยู่'),(530,92,'วนัชพร','สืบปรุ','พีท','30','ถ.มุขมนตรี20','ต.ในเมือง','อ.เมือง','จ.นครราชสีมา','30000','','','089-7189773','','haleluya_94@hotmail.com','-','หญิง','เซ็นเตอร์','ปกติ'),(531,92,'จิรายุ','ซุยยะกิจ','ปอย','75/7','หมู่4','ตำบลดอนตะโก','อำเภอเมือง','จังหวัดราชบุรี','70000','','','0878035958','','sonickyo_07@hotmail.com','-','','','ปกติ'),(532,92,'อนัญญา','ชลวิหารพันธ์','อีฟ','620/56','ถนนสาธุประดิษฐ์','บางโพงพาง','ยานนาวา','กรุงเทพ','10120','','26822344','894526352','','pompompurin123@gmail.com','-','','','ปกติ'),(533,92,'ธนภูมิ','จงอุดมเกียรติ','ภูมิ','18/80','ราชปรารภ','พญาไท','ราชเทวี','กรุงเทพมหานคร','10400','','','085-553-6110','','tanapoom.j@hotmail.com','-','','ปีก','ปกติ'),(534,92,'สมพร','จิระวัฒนาสมกุล','ไนท์(เต้าหู้)','1818','ถ.รัฐพัฒนา','ต.ธาตุเชิงชุม','อ.เมือง','จ.สกลนคร','47000','','26697121','886579888','','sompornvc80@hotmail.com','-','','','ปกติ'),(535,92,'สัจธรรม','กุลสมบูรณ์','ต้นกล้า','78/18','ม.อมรพิมาน ซ.ฉิมพลี 14/1 ถ.พระบรมราชชนนี','','ตลิ่งชัน','กทม','10170','','','082-0151231','','alakazam191@hotmail.com','The Cool','ชาย','ปีก,การ์ด,เซ็นเตอร์','ปกติ'),(536,92,'ก้องเกียรติ ','เพียรประสพ','เคี้ยง','902','หมู่ 3 ถ.แสงชูโต','ต.ท่าม่วง','อ.ท่าม่วง','จ.กาญจนบุรี','71110','','34611194','086-7560683','','kongkiate.p@hotmail.com','the cool','ชาย','ปีก','ปกติ'),(537,92,'ศรันย์','บำรุงชาติ','หว้า','28/111','รามอินทรา 5 แยก 18','แขวงท่าแร้ง','เขตบางเขน','กรุงเทพมหานคร','10220','','','086-9333036','','b.sarun@hotmail.com','','','','ปกติ'),(539,92,'ต้อง','','ต้อง','60/149','ถ.รามอินทรา 40','','บึงกุ่ม','กรุงเทพมหานคร','10230','','','898121465','','yosavee@gmail.com','','','','ปกติ'),(540,92,'ชาลิสา','วงศ์ปิยะ','แก้ม','47/111','ลาดพร้าววังหิน','','ลาดพร้าว','กทม','10230','','29311426','0818616542','','chalisagam@gmail.com','','หญิง','ปีก','ปกติ'),(541,92,'ภาสิตา','ลี้สกุล','ต่อ','221','ทาวน์อินทาวน์ ซ ลาดพร้าว 94','','วังทองหลาง','กทม','10310','','25386121','898128585','','plee097@gmail.com','','หญิง','ปีก','ปกติ'),(542,92,'นิศรา','มานะสกุลกิจ','ออม','189/39','ม 5','ต.มหาสวัสดิ์','อ.บางกรวย','จ.นนทบุรี','11130','','','851317318','','m.niisara@gmail.com','','หญิง','การ์ด','ปกติ'),(543,92,'ณัฐพล','สวัสดิบุตร','ปั๊บ','400/5','ถ.สุขุมวิท101','บางจาก','พระโขนง','กทม','10260','','','0858219929','','nattapol.swas@gmail.com','The Cool','','ปีก','ปกติ'),(544,92,'ณัฐพล ','นำปรัชญากุล','โน้ต','34/186','หมู่บ้านนันทวัน ปิ่นเกล้า พระราม 5 ถ. นครอินทร์','บางขุนทอง','บางกรวย','นนทบุรี','11130','','','082-303-2220','','NattaponN@chevron.com','chevron thailand','','','ปกติ'),(545,92,'สุรเดช','เกียรติธนากร','','','','','','','-','','','816550774','','','','','','ที่อยู่ไม่ชัดเจน'),(546,93,'ณัฐพงศ์','เหล่าสิริพิพัฒน์','เอก','18/84','ซ.สุขุมวิท68','บางนา','บางนา','กรุงเทพฯ','','','','082-7967313','','ake.vdlab@gmail.com','Tri-petch Isuzu Sale co.,','','','ปกติ'),(547,93,'ศิวพล','เตชรัศมี','อู๋','6','ซอยกาญจนาภิเษก008 แยก10','บางแค','บางแค','กรุงเทพมหานคร','10160','','024542716','086-8844035','','ssiwapol@gmail.com','SCG','','การ์ด','ปกติ'),(548,93,'วรานิช','ชินประพินพร','ไนซ์','126','หมู่ 2 ซอยราษฎร์บูรณะ 26 ถนนราษฎร์บูรณะ','','เขตราษฎร์บูรณะ','กรุงเทพมหานคร','10140','','28714713','860047321','','niceandna@hotmail.com','','','','ปกติ'),(549,93,'แทนพงศ์','วิวิธอำพน','แทน','93/15','ซอยศุภมิตร ถนน กรุงเกษม','','เขตป้อมปราบ','จ.กรุงเทพ','','','22810415','089-816-3274','','tanpong.wp@gmail.com','ธุรกิจส่วนตัว','','','ปกติ'),(550,93,'ชโลทร','เหรียญเพิ่มพงศ์','หนู','321/2','ม.1','เขาน้อย','อ.ปราณบุรี','จ.ประจวบคีรีขันธ์','77120','','','083-8863126','','cornernight_nu@hotmail.com','','','','ปกติ'),(551,93,'พิมพ์ชนก','มณฑา','นัท','247/4','ม.8','ต.นครสวรรค์ตก','อ.เมือง','จ.นครสวรรค์','60000','','56334296','869373459','','nut_may_beck@hotmail.com','','','','ปกติ'),(552,93,'วรวิน','แสงทองพินิจ','เต้','1056','หมู่ 7 ถ.เทพารักษ์','ต.เทาพารักษ์','อ.เมือง','จ.สมุทรปราการ','10270','','','814926650','909751945','vorate.s@gmail.com','','','','ปกติ'),(553,93,'กิตติภัฏ','ลิขิตวาินิช','บาส','528/23','ถ.สุขุืิืมวิท','ต.ปากน้ำ','อ.เมือง','จ.สมุทรปราการ','10270','','23870369','867981569','','kitti.bbas@gmail.com','-','','','ปกติ'),(554,93,'สุทธินันท์','สกุลภิญโญ','มิกซ์','157','ซ.ไชโย ถ.สุทธิสารวินิจฉัย','สามเสนนอก','ห้วยขวาง','กรุงเทพฯ','10310','','','089-9622496','','suttinan_m@hotmail.com','Kaiser (thailand)','','','ปกติ'),(555,93,'ธีรภัทร์','ฉวรรณกุล','ทีม','199/9','ถ.ท้าวอู่ทอง ซ.11','ต.ดอนตะโก','อ.เมือง','จ.ราชบุรี','70000','','32733215','081-8579155','','theerapat.cha@gmail.com','SET','','','ปกติ'),(556,93,'ธีรวัตร','มูลศิลป์','เติ้ล','919','หมู่ 10 ถนนเลียบเมือง','แจระแม','เมือง','อุบลราชธานี','34000','','25039652','860908403','','little_teerawat@hotmail.com','ธุรกิจส่วนตัว','','','ปกติ'),(557,93,'สิริอร','ปิตานุวัตร','อร','2568/28','ซอยกรุงเทพนนท์54 ถนนกรุงเทพนนท์','เเขวงบางซื่อ','\"\n),(เขตบางซื่อ','กรุงเทพมหานคร','10800','','25872730','858300585','','Onpita@gmail.com','','','','ปกติ'),(558,93,'ดาลัด','แซ่อื้อ','เล็ก','344','ถ.พญาไม้','แขวงสมเด็จเจ้าพระยา','เขตคลองสาน','กรุงเทพฯ','10600','','24375715','868922668','','Nonglek163@hotmail.com','ธุรกิจส่วนตัว','','','ปกติ'),(559,93,'ณัฐชยา','ลายล้อมทอง','นิว','422','ถ.รามคำแหง','แขวงหัวหมาก','เขตบางกะปิ','กรุงเทพฯ','10240','','','816255512','','Natchaya.l@hotmail.com','','','','ปกติ'),(560,93,'กฤตยา','ศิวะโกเมน','ปุ๊ง','419/31','ซ.25 หมู่บ้านทิพวัล1 ถ.เทพารักษ์','','อ.เมือง','จ.สมุทรปราการ','10270','','','851552528','','kritaya.sk@gmail.com','','','','ปกติ'),(561,93,'ชัยทัต','เตชะธาดา','ทัต','779/206','ซ.หมู่บ้านอยู่เจริญ779 ถ.ประชาราษฎร์บำเพ็ญ','สามเสนนอก','ห้วยขวาง','กรุงเทพฯ','10310','','026906964','823410707','','chaiyathat_ac123@hotmail.com','AirAsia ','','ปีก','ปกติ'),(562,93,'ภูริวรรต','สุทธิธรรม','บาส','95/42','ม.1','ต.บ้านปรก','อ.เมือง','จ.สมุทรสงคราม','75000','','','089-0210611','','bas_oil@hotmail.com','','','','ปกติ'),(563,88,'อำพล','มานะธรรมไพบูลย์','Art','','','','','','','','','0898972987','','','','','','ที่อยู่ไม่ชัดเจน'),(564,85,'สุคณิศร์','สกาวรัตนานนท์','','145/19','รองเมือง','','ปทุมวัน','กรุงเทพมหานคร','','','','0866101067','','','','','','ปกติ'),(565,92,'อู๋','','อู๋','10/10','อาคารเดอะซันเฮาส์ ถนนเทศบาลนิมิตเหนือ','ลาดยาว','จตุจักร','กรุงเทพฯ','10900','','','0880980997','','','','','','ปกติ'),(566,92,'เมธิณี','ภาคเจริญ','แป้ง','233/404','หมู่บ้านนันทวัน ถ.ศรีนครินทร์ ซอยนันทนนท์ 18','ต.บางเมือง','อ.เมือง','สมุทรปราการ','10270','','','0895296668','','','','','','ปกติ'),(567,94,'ธัญ','เมฆรักษาวนิช','ธัญ','','','','','','','','','080-4946958','','mutan_bws@hotmail.com','','','','ที่อยู่ไม่ชัดเจน'),(568,94,'วรการ','อนันตเสนา','ปอนด์','','','','','','','','','089-7988602','','worakarn_121@hotmail.com','','','','ที่อยู่ไม่ชัดเจน'),(572,94,'จิรชัย','ลีลาวัฒนชัย','เบ๊นซ์','1','','','','','','','','086-224-7224','','jerachai_94@hotmail.com','','','','ปกติ'),(575,94,'กันต์','เจริญชลวานิช','กันต์ (กท)','','','','','','','','','086-0639595','','kant_bcc157@hotmail.com','','','','ที่อยู่ไม่ชัดเจน'),(583,94,'ทวิชาธัญ','ชัยวงศ์สุรฤทธิ์','น็อต (ตอ)','','','','','','','','','087-0628277','','noppasin7@hotmail.com','','','','ที่อยู่ไม่ชัดเจน'),(586,94,'นิธิ','ยวงยิ้ม','กัน(ปิ๊)','','','','','','','','','084-4668776','','Papibasic_39956@hotmail.com','','','','ที่อยู่ไม่ชัดเจน'),(587,94,'วรรณภัทร','โพธิ์เดช','กันต์ (สก)','','','','','','','','','080-777-6043','','fix_it@hotmail.co.th','','','','ที่อยู่ไม่ชัดเจน'),(601,94,'กรวรรณ','เข็มทอง','เมย์','22','ม.3','ต.บ้านกร่าง','อ.ศรีประจันต์','สุพรรณบุรี','72140','','','097-2469206','','sneezes_may@hotmail.com','','','','ปกติ'),(602,94,'ขนิษฐา','ก้านขุนทด','ปุ้ม','119/67','หมู่ 8 ซ.3/2 หมู่บ้าน พนาสนธิ์ซิตี้ ถ.ศรีนครินทร์','ต.บางเมือง','อ.เมือง','สมุทรปราการ','10270','','02-1827221','086-3799730','','kanitta.kkt@gmail.com','','','','ปกติ'),(603,94,'จิรัฏฐ์อร','สิริภานันท์','เมย์','36','หมู่บ้านผกามาศ ซ.พัฒนาการ 20 แยก 8 ถนน พัฒนาการ ','แขวงสวนหลวง','เขตสวนหลวง','กรุงเทพมหานคร','10250','','02-319-3943','087-685-3611','','may.jid@hotmail.com, jiratornsiripanan@gmail.com','','','','ปกติ'),(604,94,'จิรัสย์','จึงสิริพิทักษ์','ก้อย','190/89','สาธรบริดจ์ ทาวเวอร์ ถนนกรุงธนบุรี','','เขตคลองสาน','กรุงเทพมหานคร','','','','081-981-6918','','jirat_j@hotmail.com','','','','ปกติ'),(605,94,'ชนินทร์','โอภาสกรกุล','ปาล์ม','899/5','หมู่บ้านนันทวัน ถ.อ่อนนุช','แขวงประเวศ','เขตประเวศ','กรุงเทพมหานคร','10250','','02-349-6082','081-787-6556','','chanin.palm@gmail.com','','','','ปกติ'),(606,94,'ณภัทร','วิชชาบุญศิริ','พลอย','52/131','เดอะเวอติคัลอารีย์ ซอยอารีย์1 ถนนพหลโยธิน','','เขตพญาไท','กรุงเทพมหานคร','10400','','','0639464163','','Naphatw13@gmail.com','','','','ปกติ'),(607,94,'ณัชชา','สินประเสริฐรัตน์','เอมมี่','1090','ซ.นายแพทย์สุพร ถนนนครไชยศรี','แขวงถนนนครไชยศรี','เขตดุสิต','กรุงเทพมหานคร','10300','','02-241-3804','086-534-8986','','a_m_y555@hotmail.com','','','','ปกติ'),(608,94,'ถิรดา','เตชาชัยนิรันดร์','ป๋วย','2027/69','ซอยเจริญกรุง77 ถนนเจริญกรุง','','เขตบางคอแหลม','กรุงเทพมหานคร','','','','082-980-6035','','pp_pluy@hotmail.com','','','','ปกติ'),(609,94,'ทิพย์วัลย์','พิศาลปีติ','เเตร','13','ตรอกศาลเจ้าโกบ๊อ4 ซอยตากสิน34 ถนนตากสิน','ดาวคะนอง','เขตธนบุรี','กรุงเทพมหานคร','10600','','02-476-3833','086-006-6871','','theincredibles_chin@hotmail.com','','','','ปกติ'),(610,94,'ทิพากร','เนียมทอง','ปราณ','6002/49','ซอยประชาสงเคราะห์ 1 ถนนประชาสงเคราะห์','แขวงดินแดง','เขตดินแดง','กรุงเทพมหานคร','10400','','02-248-6338','081-591-6490','','si122_intania94_pran@hotmail.com','','','','ปกติ'),(611,94,'ทิวิชาธัญ','ชัยวงศ์สุรฤทธิ์','น๊อตรี','98/24','ซ.รามอินทรา23','แขวงอนุสาวรีย์','เขตบางเขน','กรุงเทพมหานคร','10330','','','087-062-8277','','notrenothing@gmail.com','','','','ปกติ'),(612,94,'ธนกฤต','ลิขสิทธิพันธุ์','ตั้ม','958','ถ.สามเสน','แขวงถนนนครไชยศรี','เขตดุสิต','กรุงเทพมหานคร','10300','','02-243-3009','092-426-7771','','blackcross_t@hotmail.com','','','','ปกติ'),(613,94,'ธนชาติ','ธนากรพิพัฒนกุล','ทัช','797/102','ซอย สุทธิพร','','เขตดินแดง','กรุงเทพมหานคร','','','02-641-7369','087-511-8885','','tanachat.tt@gmail.com','','','','ปกติ'),(614,94,'ธันยธรณ์','เจริญดิเรกทรัพย์','มุก','19/668','ม.ภูมิพัฒน์วิลล่า ซ.จุฬาเกษม18 ถ.งามวงศ์วาน','ต.บางเขน','อ.เมือง','นนทบุรี','11000','','02-951-9778','086-984-9336','','mook.ttc@gmail.com','','','','ปกติ'),(615,94,'นพรุจ','ปิยะทัสสกร','เติ้น','35/128','หมู่1 ถ.ราชพฤกษ์','ต.บางขุนกอง','อ.บางกรวย','นนทบุรี','11130','','','091-198-8954','','tern_no@hotmail.com','','','','ปกติ'),(616,94,'ปณิตนาฏ','ทรงมั่นสถาพร','บัว','42/51','ซ.วิภาวดีรังสิต 41 ถ.วิภาวดีรังสิต','','เขตดอนเมือง','กรุงเทพมหานคร','','','','086-988-4100','','b.panitnat@gmail.com','Schlumberger Industries Ltd.','','','ปกติ'),(617,94,'ประทีป','นุชเจริญ','ลอย','11/20-21','ม.ชลาธร ถนน ช่างอาอากาศอุทิศ11','แขวงดอนเมือง','เขตดอนเมือง','กรุงเทพมหานคร','10210','','02-928-2494','084-172-2830','','pratip.nuchjaroen@hotmail.com','','','','ปกติ'),(618,94,'ปุณยาภา ','ศรีวิจารณ์','สมายด์','461','อ่อนนุช 54','','เขตสวนหลวง','กรุงเทพมหานคร','10250','','','0944986698','','punyapa.mild@gmail.com','','','','ปกติ'),(619,94,'พรประคัลภ์','เกิดนวล','จิ๊บจิ๋ว','299/9','พหลโยธิน40 ถนนพหลโยธิน','แขวงเสนานิคม','เขตจตุจักร','กรุงเทพมหานคร','10900','','','089-268-8460','','kornprakhal@hotmail.com','','','','ปกติ'),(620,94,'พีรพันธ์','วานิโชดม','น๊อตคุด','116','หมู่10 หมู่บ้านวิชิตนคร ซอย39 ถนนพระราม2','แขวงบางมด','เขตจอมทอง','กรุงเทพมหานคร','10150','','02-867-0416','084-141-1167','','peenwani@hotmail.com','','','','ปกติ'),(621,94,'ยุวรัตน์','ศรีประพฤทธิ์ชัย','ฟ้า','48/71','หมู่บ้านโกลเด้นแลนด์ ถนนกาญจนาภิเษก','','เขตทวีวัฒนา','กรุงเทพมหานคร','10170','','02-448-0146','085-108-7471','','horizonfah@gmail.com','','','','ปกติ'),(622,94,'สถาพร','เมฆราตรี','ป้อม','14/6','ซอยนาคบำรุง ถนนบำรุงเมือง','แขวงคลองมหานาค','เขตป้อมปราบฯ','กรุงเทพมหานคร','10100','','02-223-7296','081-373-0793','','pom82535@hotmail.com, s.mekratri@gmail.com','','','','ปกติ'),(623,94,'สรัล','สุขุมเสาวภาคย์','รัล','131','ซ.จันทน์  แยก 43 42030 ถ.จันทน์','แขวงบางโคล่','เขตบางคอแหลม','กรุงเทพมหานคร','10120','','02-212-9469','087-698-8351','','divine39769@gmail.com','','','','ปกติ'),(624,94,'สสิน','จันทร์แจ่มจรัส','เกียร์','42147','ซอย ศาลาแดง1 ถนน พระราม 4','','เขตบางรัก','กรุงเทพมหานคร','','','02-266-8286','089-153-1131','','sasin.chan@gmail.com','','','','ปกติ'),(625,94,'สุทธิเกียรติ','อิงคะประดิษฐ์','ปิ๊ง','13/144','ซ.เกษตร 6 ถ.แจ้งวัฒนะ14','แขวงทุ่งสองห้อง','เขตหลักสี่','กรุงเทพมหานคร','10210','','','830639467','','up_to_kroo@hotmail.com','','','','ปกติ'),(626,94,'สุภัค','ดาวยก','กร','344/46','ซ.สาธุประดิษฐ์26 ถ.สาธุประดิษฐ์','บางโพงพาง','ยานนาวา','กรุงเทพมหานคร','10120','','02-211-9932','081-839-8967','','d.suphak@gmail.com','','','','ปกติ'),(627,94,'สุวพัชร','พิกสิต','ยอดตอง','12/105','ม.มาสุขนิเวศน์ ซ.งามวงศ์วาน18 ถ.งามวงศ์วาน','ต.บางเขน','อ.เมือง','นนทบุรี','11000','','02-580-4906','090-096-6056','','suwapach.p@gmail.com','บจก. จี.พี. คอนสทรัคชั่น','','การ์ด','ปกติ'),(628,94,'อภิณัฐ','ศิริเผ่าสุวรรณกุล','เบล','2027/127','ซ.เจริญกรุง77 ถนนเจริญกรุง','วัดพระยาไกร','เขตบางคอแหลม','กรุงเทพมหานคร','10120','79 ซอยพระรามที่2 39 แขวงบางมด เขตจอมทอง กรุงเทพมหานคร 10150','02-213-0819','082-480-7545','','melodious-cadence@hotmail.com','บริษัท ทีไทย 93 จำกัด','','PG, PF','ปกติ'),(629,94,'อริสา','ไพศาขมาศ','ปาล์ม','6/229','ซ.มหาดเล็กหลวง 2 ถ.ราชดำริ','','แขวงลุมพินี','กรุงเทพมหานคร','10330','','02-650-5645','084-670-2499','','arisa.paisa@gmail.com','','','','ปกติ'),(630,94,'เอกธนบุตร','เจตะวัฒนะ','บิ๊ก','1558/196','อาคารชุด ไดมอนด์ สุขุมวิท ขั้น 14 ซ.สุขุมวิท 48/3 ถ.สุขุมวิท','แขวงพระโขนง','เขตคลองเตย','กรุงเทพมหานคร','10110','','02-187-4082','089-073-1109','','asakura_yohh@hotmail.com','','','','ปกติ'),(631,88,'ขจาริน','โตรักตระกูล','เฟม','18','เพชรเกษม 28 แยก 1 ถ.เพชรเกษม','ปากคลองภาษีเจริญ','ภาษีเจริญ','กรุงเทพมหานคร','10160','','','085-917-5341','','infinitefame@gmail.com','','','','ปกติ'),(632,87,'ปกรณ์','จูงเจิมจิตร','ตี้','24','ถ.โกสุมรวมใจ 36','ดอนเมือง','ดอนเมือง','กรุงเทพมหานคร','10210','','','097-2181500','','empty_ja@hotmail.com','','','','ปกติ'),(633,95,'พศวีร์','เวชพาณิชย์','พุฒ','1/130','จรัสเมือง','','ปทุมวัน','กรุงเทพมหานคร','10330','599/125 ถ.โพศรี ต.หมากแข้ง\"),(อ.เมือง จ.อุดรธานี 41000','26139304','819650838','','junrai82@gmail.com','','','','ปกติ'),(634,95,'ธนัชชา','เลิศไตรภิญโญ','นัชชี่','250/234','พุทธมณฑลสาย 2 ซอย 32','ศาลาธรรมสพน์','ทวีวัฒนา','กรุงเทพมหานคร','10170','','28852595','830138318','','natchez.l234@gmail.com','','','',''),(635,95,'รพีพร','ตันประทุมวงษ์','ปอ','15/591 ซ.นวลจันทร์44','นวลจันทร์','นวลจันทร์','บึงกุ่ม','กรุงเทพมหานคร','10230','','','830738167','','rapeeporn.tanpratoomvong@gmail.com','','','',''),(636,95,'สิรีธร','จงชูวณิชย์','เอ๋ย','21/1','มิตรไมตรี','คู้ฝั่งเหนือ','หนองจอก','กรุงเทพมหานคร','10530','','29886937','824825392','','jaaey.chong@gmail.com','','','',''),(637,95,'ทยิดา','ทรรปณ์จินดา','อิง','1579','เพชรเกษม 4','วัดท่าพระ','บางกอกใหญ่','กรุงเทพมหานคร','10600','','028918225','0839276628','','ttapjinda@gmail.com','','','',''),(638,95,'อานันท์','ยอดพินิจ','แทน','88/430','นราธิวาสฯ','ยานนาวา','สาทร','กรุงเทพมหานคร','10120','99/83 หมู่บ้านเสาวลักษณ์2 ถนนกาญจนวิถี ตำบลบางกุ้ง อำเภอเมืองฯ จังหวัดสุราษฎร์ธานี 84000','21661215','816760465','','tangent_tan@hotmail.com','','','',''),(639,95,'นันทิยา','เอี่ยมสำอางค์','จูน','18/171 The Complete Rajaprarop','ราชปรารภ','ถนนพญาไท','ราชเทวี','กรุงเทพมหานคร','10400','126/10 ถนนราษฎร์ประสิทธิ์ ตำบลแม่กลอง อำเภอเมืองฯ จังหวัดสมุทรสงคราม 75000','23061071','877921380','','nuntiya407@gmail.com','','','ปีก',''),(640,95,'มัญชุพร','เตชะชัยอนันต์','มิวสุดสวย','69','ซอย พัฒนาการ14 ถนน พัฒนาการ','','เขต สวนหลวง','กรุงเทพมหานคร','','','23198483','819380848','','millmt.mt@gmail.com','','','',''),(641,95,'อมรเทพ','เกียรติสกุลพันธุ์','เต้ย','286','เจริญกรุง 67','ยานนาวา','สาทร','กรุงเทพมหานคร','10120','286 ซ.เจริญกรุง67 ถนนเจริญกรุง แขวงยานนาวา เขตสาทร กทม. 10120','22115755','838843666','','amornthep.tk@gmail.com','','','',''),(642,95,'ธัญมน','ลิ้มมีโชคชัย','มน','99/219','เลียบคลองประปา','บางตลาด','ปากเกร็ด','นนทบุรี','11120','','','865003232','','','','','',''),(643,95,'สุประภา','สิโรรส','ไมน์','173/15','พระราม6 ซอย20','ทุ่งพญาไท','ราชเทวี','กรุงเทพมหานคร','10400','','','814778641','','me-baisur@hotmail.com','','','',''),(644,95,'อนันตญา','ภู่สันติพงษ์','เฟิร์น','18/453 The CompleteRajaprarop','ราชปรารภ','ถนนพญาไท','ราชเทวี','กรุงเทพมหานคร','10400','','29553514','899946109','','','','','',''),(645,95,'นัฏหทัย','สุขแดง','พิมพ์','115','พระราม 5','','ดุสิต','กรุงเทพมหานคร','10300','','26693131','081-815-6080','','s.nuthatai@gmail.com','','','',''),(646,95,'พีรพัชย์','ลิ่ววัฒนากรณ์','ฟอส','280','พระราม6ที่28','สามเสนใน','พญาไท','กรุงเทพมหานคร','10400','','22783378','946166855','','force.pe@gmail.com','','','',''),(647,95,'จิรารักษ์','ปัญญาสุขศรี','เมจิ','626/71 หมู่บ้านลดาวัลย์ ปิ่นเกล้า เพชรเกษม','กาญจนาภิเษก','','บางแค','กรุงเทพมหานคร','','','24547680','866291769','','','','','',''),(648,95,'วิน','มยุรฤทธิ์ภิบาล','วิน','8','พัฒนาการ','สวนหลวง','สวนหลวง','กรุงเทพมหานคร','10250','','23182881','841012161','','Win.mayuraritpibal@gmail.com','Ptt','','',''),(649,95,'รวิภาส','วงศ์เกษมจิตต์','โดม','23/50','งามวงศ์วาน43 แยก2-21','ทุ่งสองห้อง','หลักสี่','กรุงเทพมหานคร','10210','','29545251','814307839','','St42_rvp@hotmail.com','','','',''),(650,95,'ธนพล','วิบูลย์จันทร์','แบงค์','91/517','รัตนาธิเบศร์','ไทรม้า','เมือง','นนทบุรี','11000','','29245350','832444545','','thanapol.vi@gmail.com','','','',''),(651,95,'พสิษฐ์','คณานุวัฒน์','เป้','99/51','บางกรวย-ไทรน้อย','บางรักพัฒนา','บางบัวทอง','นนทบุรี','11110','','29208009','804457868','','pasitkananuwat@gmail.com','','','',''),(652,95,'ฤกษ์ฤทธิ์','สุขุมาลจิตกุล','เจีย','31/62','ลาดพร้าว','จันทรเกษม','จตุจักร','กรุงเทพมหานคร','10900','','25124551','863538699','080-445-7868','roekrit.s@gmail.com','','','',''),(653,95,'นิจชญา','มีประเสริฐสกุล','ทราย','189/21','ประดิษฐ์มนูธรรม','','ลาดพร้าว','กรุงเทพมหานคร','','','02-515-0615','081-906-2282','','Nijchaya.m@gmail.com','','','',''),(654,95,'RAK','AMONPETCHSATHAPON','YUAN','83/321 วิลล่าราชเทวี','พญาไท','','ราชเทวี','กรุงเทพมหานคร','','','','909914159','','','','','',''),(655,95,'พัทธดนย์','บุญยะเลขา','จิ่ง','111/6','ราชวิถี 6','สามเสนใน','พญาไท','กรุงเทพมหานคร','10400','','73221104','805459218','','jingpattadol@hotmail.com','','','',''),(656,95,'เสกข์','ขจรรุ่งศิลป์','เสก','154 ซอยจรัญ68แยก2','จรัญสนิทวงศ์','บางพลัด','บางพลัด','กรุงเทพมหานคร','10700','','24357616','851151607','954710200','sake.kajornrungsip@gmail.com','','','',''),(657,95,'สดุดี','พงศ์รุจิกร','เต๋า','35','อัคราช','ปากน้ำ','เมือง','สมุทรปราการ','10270','','56802010','869280883','','Sadudee1112@hotmail.com','','','',''),(658,95,'เยาวดี','ประพันธ์พงพินิจ','เมย์','629/614 ซอยสาธุประดิษฐ์ 49','สาธุประดิษฐ์','','ยานนาวา','กรุงเทพมหานคร','','','26821423','816216998','850708533','may_miracle@hotmail.com','','','',''),(659,95,'ณัฐฎานัย','เทียนมหาสาทิศ','ฮิว','588/33 หมู่บ้านกรานาด้า-ปิ่นเกล้า','บรมราชชนนี','ศาลาธรรมสพน์','ทวีวัฒนา','กรุงเทพมหานคร','10170','','26238203','086-349-9040','','natdanai.td@gmail.com','','','',''),(660,95,'วิชญา','อาวะกุลพาณิชย์','วิว','99/244','เจริญนคร','เจริญนคร','ธนบุรี','กรุงเทพมหานคร','10600','158 ม.6 ต.วัดป่า อ.หล่มสัก จ.เพชรบูรณ์ 67110','56701940','820715701','','witchaya.v.a@hotmail.com','','','',''),(661,95,'พงศ์พันธ์','พานิชกุล','โบ๊ต','33/8','เพชรเกษม','','ตะกั่วป่า','พังงา','','','76471392','835932258','','','','','',''),(662,95,'อนันตญา','ภู่สันติพงษ์','เฟิร์น','18/453 เดอะ คอมพลีทราชปรารภ','ถ. ราชปรารภ','ถนนพญาไท','ราชเทวี','กรุงเทพมหานคร','10400','90/220 ม.มัณฑนา ซ.16 ถ.พระยาสุเรนทร์ แขวงบางชัน เขตคลองสามวา กทม 10510','29553514','899946109','','mope1993@gmail.com','','','',''),(663,95,'วรณัฐ','บุญรักษ์วนิช','บอส','127/81','ติวานนท์','บางกระสอ','เมือง','นนทบุรี','11000','','25914732','877075868','','','','','',''),(664,95,'พีรดา','ฤกษ์ศิระทัย','เพนนี','222/113','พิบูลสงคราม','สวนใหญ่','เมือง','นนทบุรี','11000','','25800280','830119786','','penny_naja@hotmail.com','','','',''),(665,95,'เอื้ออังกูร','รังสิกรรพุม','เอื้อ','120/41','','นครสวรรค์ตก','เมือง','นครสวรรค์','60000','','56229066','827752804','','winandwan@hotmail.com','','','',''),(666,95,'สรวิศ','รัตนพิเศษ','แจ็ค','663/34','ลาดพร้าว','วังทองหลาง','วังทองหลาง','กรุงเทพมหานคร','10310','','29326172','875957185','','Jacky-sor@live.com','','','',''),(667,95,'Krisnu','Suthaporn','บาส','1026/44','Rama4','Thungmhameg','Sathorn','กรุงเทพมหานคร','10120','','','818376993','','','','','',''),(668,95,'ตะวัน','ลุประสงค์','หวาย','18/12','พระรามที่หก','สามเสนใน','พญาไท','กรุงเทพมหานคร','10400','','','842333003','','','','','',''),(669,95,'รัฐพงษ์','จักรพล','แน็ค','9/46','พิชัย เมืองสระบุรี','','เมือง','สระบุรี','','','','0821986560','','jakrapolr@gmail.com','','','อาวุธลับ',''),(670,95,'จิตวิสุทธิ์','จิตสารโสภณ','feem','80/982','เทพารักษ์','บางเมืองใหม่','เมือง','สมุทรปราการ','10270','','','0806069058','','','','','',''),(671,78,'จุฑามณี','ไกรคุณาศัย','เอ๋','209','ประชาธิปไตย','','เมือง','สุพรรณบุรี','72000','','','0830914883','','','','','',''),(672,78,'กมลทิพย์','นิยมรัตน์','หวาน','9/44','ลงหาดบางหลิน','แสนสุข','เมือง','ชลบุรี','20130','','','0898101988','','waan78@yahoo.com','','','',''),(673,96,'พนพัชร','รุกขฐากูร','แพท','25/21','พระราม2','แสมดำ','บางขุนเทียน','กรุงเทพฯ','10150','','','0850584525','','panapatch@hotmail.com','PwC','','Center',''),(674,96,'ณภัทร','ช่างผาสุข','เอิร์ธ','322/174','รัตนาธิเบศร์','บางกระสอ','เมือง','นนทบุรี','','','','0877928482','','earthnapat12@gmail.com','','','',''),(675,96,'ศุภวิชญ์','ธรรมสวยดี','ฟิช','20','ซ.จันทร์ 16 แยก 2','','สาทร','กทม','','','','0875128301','','supawish.th@gmail.com','','','',''),(676,96,'พีรดา','อนันต์เธง','มีมี่','234','นราธิวาสฯ6','สาทร','ยานนาวา','กทม.','10120','','','0939197965','','','','','',''),(677,96,'ธนธรณ์','ดีศีลธรรม','ธาม/เงาะ','289/476 อาคารบางกอกการ์เด้น ตึก5 ชั้น10','นราธิวาสราชนคริทร์24','ช่องนนทรี','ยานนาวา','กรุงเทพ','10120','026720988','','0816426251','','thanathorndst@gmail.com','','','',''),(678,96,'สมณ','ภัทรนารา','โชกุน','38 หมู่ 10','สรงประภา','','ดอนเมือง','กรุงเทพ','','025664516','','0817500917','','shogun_whatsup@hotmail.com','','','',''),(679,96,'สุปรียา','กุละพัฒน์','ปอ','1113/8','สุขุมวิท101/1','บางจาก','พระโขนง','กรุงเทพ','10260','023973278','','0816319333','','supreeya.kula@gmail.com','','','',''),(680,96,'ชญานิศ','กิจกาญจนารัตน์','ดูเอ้','77','สว่าง','มหาพฤฒาราม','บางรัก','กรุงเทพ','10500','','','0963607177','','Doechayanich@gmail.com','','','',''),(681,96,'จตุคม','โรจน์วัชราภิบาล','อาร์ม','519','ราชพฤกษ์ 28','ตลิ่งชัน','ตลิ่งชัน','กทม','10170','','','0889956171','','jatucom.ro@gmail.com','','','',''),(682,96,'ธนพล','โลหะชุนสิริ','อาโน','24','เพชรเกษม ซอย 28 แยก 1','','ภาษีเจริญ','กรุงเทพ','','024671303','','0859417758','','Titan_arno@hotmail.com','','','',''),(683,96,'บุญจิรา','อังสุมาลี','อ้อ','25/700','แจ้งวัฒนะ','บางตลาด','ปากเกร็ด','นนทบุรี','11120','','','0866633133','','','','','',''),(684,96,'ทิวัตถ์','เกียรติเสริมสุข','เดียร์','1039','สุขสวัสดิ์','บางปะกอก','ราษฎร์บูรณะ','กทม.','10140','024276975','','0971289897','','Tiwatt_kiatsermsuk@hotmail.com','','','',''),(685,96,'เจนวิทย์','ผิวสอาด','ดู่','Samwa Road','สามวา','','คลองสามวา','กรุงเทพ','10510','029062737','','0850723030','','Dududoo01@gmail.com','','','',''),(686,96,'ปวริสา','ติรณะประกิจ','โอ๊ะ','57 ซอยสามเสน20','สามเสน','','ดุสิต','กทม','','','','0944329191','','pavarisatira@gmail.com','','','',''),(687,96,'รังสฤษดิ์','พัฒนพานิช','อาร์ต','46/151','พหลโยธิน52','คลองถนน','สายไหม','กรุงเทพ','10220','029739492','','0891347897','','Art.patthanapanich@gmail.com','','','',''),(688,96,'ภัทรา','ยอดเสรณีย์','ตาล/ลิ้นจี่','7/1','','','บางบาล','พระนครศรีอยุธยา','','','','0852211544','','pattha.yod@gmail.com','','','',''),(689,96,'ณัชพล','ธนสถิตย์','ปั้น','198/5','เจิมจอมพล','ศรีราชา','ศรีราชา','ชลบุรี','20110','','','0850933221','','','','','',''),(690,96,'ฤศิตา','อิ่มแสง','พลอย','318/75','','','เมือง','นนทบุรี','','','','0892204216','','Ruesita_imsang@hot','','','',''),(691,96,'ศุภรดา','กันตสุสิระ','โบแดง','166 ม.9','ภูเขียว-ชุมแพ','','ภูเขียว','ชัยภูมิ','','','','0873586852','','kan.suparada@gmail.com','','','',''),(692,96,'กัลยรัตน์','พรชัยวิเศษกุล','เอม','120/66','สุวินทวงศ์','แสนแสบ','มีนบุรี','กรุงเทพมหานคร','10510','029148574','หมู่บ้านประภาวรรณโฮม','0959474644','','K.pornchaiwiseskul@gmail.com','','','',''),(693,96,'วรันธร','นนทนานันท์','พากเพียร','125/375 ม.แมกไม้','รามอินทรา','คันนายาว','คันนายาว','กทม.','10230','','','0933233232','','Parkpian22@gmail.com','','','',''),(694,96,'นันทนัช','จิตสัมพันธเวช','ยอดยุ่ง','9/30 ม.สราญสิริ(วงแหวน-ประชาอุทิศ)','เลียบทางด่วน','','ทุ่งครุ','กรุงเทพมหานคร','','','','0897667320','','nuntanut.chi@gmail.com','','','',''),(695,96,'สาริศา','นาคะรัตนากร','เติ้ล','322','พุทธมณฑลสาย2 ซอย7','','บางแค','กทม','','','','0840802400','','','','','',''),(696,96,'ชยธิญา','หลีเจริญ','หยก','7/6','ยิงเป้าใต้ ซอย 4/2','สนามจันทร์','เมือง','นครปฐม','73000','','','0863967071','','Chayatiya_333@hotmail.com','','','',''),(697,97,'ธงฉัตร','อิงคุทานนท์','โดนัท','41/179','เพิ่มสิน','คลองถนน','สายไหม ','กรุงเทพมหานคร ','','','29941637','0879878404','','donut_gm8@hotmail.com','','ชาย','ปีก','ปกติ'),(698,97,'ณัฐชานันท์ ','พิพัชร์พรกุล','เฟิร์ม','233/501 ม.นันทวัน ซ.นันทนนท์12','ศรีนครินทร์','บางเมือง','เมือง ','สมุทรปราการ','10270','','','0614159156','','confirm44@gmail.com','','หญิง','ปีก','ปกติ'),(699,97,'ทัตดา','ทัตสิริวรวัฒน์','ดา','47/16','จรัญสนิทวงศ์ ซอย23 ','บางขุนศรี','บางกอกน้อย ','กรุงเทพมหานคร ','10700','','24126648','0969369364','','donaldducky_da@hotmail.com','','หญิง','ปีก','ปกติ'),(700,97,'ธีรภัทร','ศรีไตรรัตนรักษ์','ทีหมี','590/69 ซอยขวัญพัฒนา','อโศกดินแดง','','ดินแดง','กรุงเทพมหานคร ','10400','','22462255','0876792389','','tearapatsri@gmail.com','','ชาย','ปีก','ปกติ'),(701,97,'อานนท์ ','ยอดพินิจ','บาส','88/430','นาราธิวาสฯ','','สาทร ','กรุงเทพมหานคร ','','','','0858877668','','Ayodpinit@gmail.com','','ชาย','ปีก','ปกติ'),(702,97,'กนกพรรณ','เธียรกานนท์','กิฟ','10/4 ซ.โรงเลี้ยงเด็ก','บำรุงเมือง ','คลองมหานาค ','ป้อมปราบฯ','กรุงเทพมหานคร ','10100','','','0924154924','','kanokphan.t2808@gmail.com','','หญิง','เซนเตอร์','ปกติ'),(703,97,'คณานนท์','แหวนบุญกิจ','คนา','152','มิตรภาพ ','สุรนารี','เมือง ','นครราชสีมา','3000','','44222684','0815483943','','Kana_ht@hotmail.com','','ชาย','ปีก','ปกติ'),(704,97,'คัมภีรภาพ','เกิดศรี','กูปรี','128/44','345','บางคูวัด','เมือง ','ปทุมธานี ','12000','','','0877615533','','Kupee_kp_kp@hotmail.com','','ชาย','ปีก','ปกติ'),(705,97,'จริม ','นาคมุกดาสมุทร','โก้','39/422 หมู่บ้านปรีชาศรีนครินทร์ ซอยวัดหนามแดง ','ศรีนครินทร์','','บางพลี','สมุทรปราการ','','','27387883','0836868844','','jarimnark@gmail.com','','ชาย','เซนเตอร์','ปกติ'),(706,97,'ณภัทร','ศรีอัศวอมร','เต้อ','401','นครไชยศรี','ถนนนครไชยศรี','ดุสิต','กรุงเทพมหานคร ','10300','','','0838285152','','npt.srias@gmail.com','','ชาย','ปีก','ปกติ'),(707,97,'ธนโชติ','ฉัตรธรรมนาท','บิว','85/87','สายลวด ','ปากน้ำ','เมือง ','สมุทรปราการ','10270','','23956074','0877015435','','tanachort.chatthammanat@gmail.com','','ชาย','การ์ด','ปกติ'),(708,97,'ชยุตม์','แสนมุข','ไอซ์','17/144','สุขุมวิท','','คลองเตย','กรุงเทพมหานคร ','10110','','','837437544','','chayutice@gmail.com','','ชาย','ปีก','ปกติ'),(709,97,'กนิษฐา ','นฤเทพ','เบลล์','150/63 หมู่บ้านเศรษฐสิริ เรสซิเด้นท์1 ','ประชาชื่น','','เมือง ','นนทบุรี','','','','863630033','','bbellbelle@gmail.com','','หญิง','ปีก','ปกติ'),(710,97,'สุธินี','นิบุญกิจ','ไนส์','2/98 ม.เวร่า','ราษฎร์พัฒนา ','','สะพานสูง','กรุงเทพมหานคร ','','','','841283558','','sutine_001@hotmail.com','','หญิง','ปีก','ปกติ'),(711,97,'รชต ','โลหะขจรพันธ์','จอม','478/40','เพชรบุรี','ถนนเพชรบุรี','ราชเทวี','กรุงเทพมหานคร ','10400','','','887680250','','jom_jubu@hotmail.com','','ชาย','ปีก','ปกติ'),(712,97,'ไกรลักษม์ ','ลิ้มสวรรค์','กว้าง','280/1 หมู่ 1','','ห้วยพลู','นครชียศรี','นครปฐม','','','34389087','815707074','','KLLS1211@hotmail.com','','ชาย','เซนเตอร์','ปกติ'),(713,97,'ปวิดา','อินทธิสัณห์','แพร์','387 ซอยพัฒนาการ3 ','พัฒนาการ','สวนหลวง','สวนหลัง','กรุงเทพมหานคร ','10250','','23192541','894571252','','peaarrr@gmail.com','','หญิง','ปีก','ปกติ'),(714,97,'รชต ','จันคะณะสุข','แบม','250/425','พุทธมลฑลสาย 2','ทวีวัฒนา ','ศาลาธรรมสพน์ ','กรุงเทพมหานคร ','10170','','28850607','860789105','','Rachatachankanasuk@gmail.com','','ชาย','เซนเตอร์','ปกติ'),(715,97,'ขวัญชัย','ฟุ้งมงคลเสถียร','เต้','333/138','เชียงใหม่เชียงใหม่สะเกต','','สันทราย ','เชียงใหม่','','','','869127791','','kross.2537@gmail.com','','ชาย','เซนเตอร์','ปกติ'),(716,97,'ณัฐสุดา','ศิลป์','นุ่น','49/334','เสรีไทย','','บึงกุ่ม','กรุงเทพมหานคร ','','','','853237693','','noonnlm007@gmail.com','','หญิง','เซนเตอร์','ปกติ'),(717,97,'พิสิฐ ','นาคแสง','คิว','1/27','','','เมืองตราด','ตราด','','','858057704','858057704','','Pisit_212@hotmail.com','','ชาย','ปีก','ปกติ'),(718,97,'วรัตม์ ','สารถวัลย์แพศย์','เปตอง','133/30','ประเสริฐมนูกิจ','จรเข้บัว','ลาดพร้าว','กรุงเทพมหานคร ','10230','','','0838806563','','Patongzsanta@gmail.com','','ชาย','เซนเตอร์','ปกติ'),(719,97,'ภาสกร','แสงศศิธร','วิน','57-57/1 star apartment ซ.สดพิณสรร ','','พญาไท','ราชเทวี','กรุงเทพมหานคร ','10400','','','801256440','','vviiv.97@gmail.com','','ชาย','ปีก','ปกติ'),(720,97,'ณัฏฐพัชร ','รัตนชัยเจริญ','มิ้น','599/51 หมู่บ้านกลางกรุงสาทร ','นนทรี ','นราธิวาส','ยานนาวา ','กรุงเทพมหานคร ','10120','','','880558998','','miintntp@gmail.com','','หญิง','ปีก','ปกติ'),(721,97,'สิฐิภูมิ์','ชัยวัฒน์นราธร','เต็น','37/3 ซ.ราชครู ','พหลโยธิน 5','สามเสนใน','พญาไท ','กรุงเทพมหานคร ','10400','','','877460044','','tenn619@hotmail.com','','ชาย','ปีก','ปกติ'),(722,97,'ศุขธัช','เด่นกีรติ','ไอซ์','359','สุขุมวิท 77','สวนหลวง','สวนหลวง','กรุงเทพมหานคร ','10250','','','899494369','','Sukhatouch.den@gmail.com','','ชาย','การ์ด','ปกติ'),(723,97,'จิรายุทธ ','ฉัตรเพ็ชร','เจ','209/13','ทางหลวง340','บ้านกล้วย','เมือง','ชัยนาท','17000','','','888181020','','Jay.Jirayut@gmail.com','','ชาย','ปีก','ปกติ'),(724,97,'วิศรุต','ลิ้มสุขนิรันดร์','เอิร์ธ','13 ซอยอินทามระ10','สุทธิสาร','','พญาไท','กรุงเทพมหานคร','','','22714750','959608599','','earth_b14@hotmail.com','','ชาย','การ์ด','ปกติ');
/*!40000 ALTER TABLE `ClubMember` ENABLE KEYS */;
UNLOCK TABLES;

--
-- Table structure for table `Event`
--

DROP TABLE IF EXISTS `Event`;
/*!40101 SET @saved_cs_client     = @@character_set_client */;
/*!40101 SET character_set_client = utf8 */;
CREATE TABLE `Event` (
  `ID` int(10) NOT NULL,
  `EventName` varchar(255) COLLATE utf8_unicode_ci DEFAULT NULL,
  `Date` datetime DEFAULT NULL,
  `Location` varchar(255) COLLATE utf8_unicode_ci DEFAULT NULL,
  PRIMARY KEY (`ID`)
) ENGINE=InnoDB DEFAULT CHARSET=utf8 COLLATE=utf8_unicode_ci;
/*!40101 SET character_set_client = @saved_cs_client */;

--
-- Dumping data for table `Event`
--

LOCK TABLES `Event` WRITE;
/*!40000 ALTER TABLE `Event` DISABLE KEYS */;
INSERT INTO `Event` VALUES (1,'บาสนายช่าง','2014-03-23 00:00:00','โรงยิมเก่า'),(2,'บาสนายช่าง','2014-08-31 00:00:00','โรงยิมเก่า'),(3,'บาสนายช่าง','2015-03-22 00:00:00','SportComplex'),(4,'บาสนายช่าง','2015-08-30 00:00:00','โรงยิมเก่า'),(5,'บาสนายช่าง','2016-03-06 00:00:00','โรงยิมเก่า'),(6,'บาสนายช่าง','2017-08-27 00:00:00','โรงยิมเก่า'),(7,'บาส 60 ปี','2018-01-20 00:00:00','สนามโย');
/*!40000 ALTER TABLE `Event` ENABLE KEYS */;
UNLOCK TABLES;

--
-- Table structure for table `Participation`
--

DROP TABLE IF EXISTS `Participation`;
/*!40101 SET @saved_cs_client     = @@character_set_client */;
/*!40101 SET character_set_client = utf8 */;
CREATE TABLE `Participation` (
  `ID` int(11) NOT NULL AUTO_INCREMENT,
  `ParticipantID` int(11) NOT NULL,
  `EventID` int(11) NOT NULL,
  `EntryTime` datetime DEFAULT NULL,
  PRIMARY KEY (`ID`),
  UNIQUE KEY `unique_event_person` (`ParticipantID`,`EventID`),
  KEY `EventID_idx` (`EventID`),
  CONSTRAINT `EventID` FOREIGN KEY (`EventID`) REFERENCES `Event` (`ID`) ON DELETE CASCADE ON UPDATE CASCADE
) ENGINE=InnoDB AUTO_INCREMENT=1338 DEFAULT CHARSET=utf8 COLLATE=utf8_unicode_ci;
/*!40101 SET character_set_client = @saved_cs_client */;

--
-- Dumping data for table `Participation`
--

LOCK TABLES `Participation` WRITE;
/*!40000 ALTER TABLE `Participation` DISABLE KEYS */;
INSERT INTO `Participation` VALUES (779,38,1,'1899-12-30 15:07:00'),(780,43,1,'1899-12-30 15:06:00'),(781,93,1,'1899-12-30 11:05:00'),(782,157,1,'1899-12-30 15:05:00'),(783,179,1,'1899-12-30 09:19:00'),(784,181,1,'1899-12-30 10:38:00'),(785,228,1,'1899-12-30 09:51:00'),(786,255,1,'1899-12-30 11:18:00'),(787,256,1,'1899-12-30 09:30:00'),(788,267,1,'1899-12-30 09:51:00'),(789,276,1,'1899-12-30 10:59:00'),(790,291,1,'1899-12-30 10:59:00'),(791,305,1,'1899-12-30 11:13:00'),(792,348,1,'1899-12-30 11:29:00'),(793,402,1,'1899-12-30 12:23:00'),(794,410,1,'1899-12-30 09:55:00'),(795,418,1,'1899-12-30 11:05:00'),(796,420,1,'1899-12-30 12:41:00'),(797,426,1,'1899-12-30 11:26:00'),(798,428,1,'1899-12-30 09:33:00'),(799,439,1,'1899-12-30 11:09:00'),(800,443,1,'1899-12-30 09:46:00'),(801,447,1,'1899-12-30 12:04:00'),(802,453,1,'1899-12-30 11:09:00'),(803,454,1,'1899-12-30 11:42:00'),(804,457,1,'1899-12-30 10:30:00'),(805,460,1,'1899-12-30 11:09:00'),(806,463,1,'1899-12-30 09:33:00'),(807,473,1,'1899-12-30 11:11:00'),(808,476,1,'1899-12-30 12:09:00'),(809,477,1,'1899-12-30 11:37:00'),(810,478,1,'1899-12-30 11:39:00'),(811,482,1,'1899-12-30 09:53:00'),(812,489,1,'1899-12-30 11:31:00'),(813,496,1,'1899-12-30 09:35:00'),(814,498,1,'1899-12-30 11:41:00'),(815,504,1,'1899-12-30 14:44:00'),(816,506,1,'1899-12-30 09:59:00'),(817,508,1,'1899-12-30 12:38:00'),(818,511,1,'1899-12-30 11:47:00'),(819,513,1,'1899-12-30 11:46:00'),(820,517,1,'1899-12-30 11:48:00'),(821,520,1,'1899-12-30 15:18:00'),(822,522,1,'1899-12-30 10:18:00'),(823,523,1,'1899-12-30 10:41:00'),(824,528,1,'1899-12-30 09:46:00'),(825,530,1,'1899-12-30 11:19:00'),(826,536,1,'1899-12-30 09:27:00'),(827,537,1,'1899-12-30 10:25:00'),(828,540,1,'1899-12-30 12:59:00'),(829,543,1,'1899-12-30 11:24:00'),(830,547,1,'1899-12-30 11:00:00'),(831,549,1,'1899-12-30 11:03:00'),(832,555,1,'1899-12-30 10:02:00'),(833,564,1,'1899-12-30 10:00:00'),(834,8,2,'1899-12-30 13:44:00'),(835,15,2,'1899-12-30 15:54:00'),(836,34,2,'1899-12-30 13:43:00'),(837,38,2,'1899-12-30 14:48:00'),(838,40,2,'1899-12-30 14:20:00'),(839,41,2,'1899-12-30 15:31:00'),(840,43,2,'1899-12-30 14:19:00'),(841,50,2,'1899-12-30 11:13:00'),(842,67,2,'1899-12-30 10:55:00'),(843,87,2,'1899-12-30 10:51:00'),(844,119,2,'1899-12-30 15:44:00'),(845,138,2,'1899-12-30 12:34:00'),(846,165,2,'1899-12-30 15:59:00'),(847,179,2,'1899-12-30 15:05:00'),(848,213,2,'1899-12-30 10:08:00'),(849,227,2,'1899-12-30 10:28:00'),(850,237,2,'1899-12-30 10:03:00'),(851,239,2,'1899-12-30 09:05:00'),(852,249,2,'1899-12-30 09:57:00'),(853,252,2,'1899-12-30 10:22:00'),(854,256,2,'1899-12-30 09:02:00'),(855,267,2,'1899-12-30 13:10:00'),(856,274,2,'1899-12-30 13:16:00'),(857,276,2,'1899-12-30 09:44:00'),(858,291,2,'1899-12-30 12:22:00'),(859,299,2,'1899-12-30 11:19:00'),(860,301,2,'1899-12-30 10:03:00'),(861,305,2,'1899-12-30 10:32:00'),(862,307,2,'1899-12-30 11:01:00'),(863,313,2,'1899-12-30 10:36:00'),(864,315,2,'1899-12-30 10:20:00'),(865,317,2,'1899-12-30 10:39:00'),(866,319,2,'1899-12-30 09:04:00'),(867,342,2,'1899-12-30 14:06:00'),(868,346,2,'1899-12-30 13:24:00'),(869,354,2,'1899-12-30 11:48:00'),(870,355,2,'1899-12-30 09:10:00'),(871,361,2,'1899-12-30 09:06:00'),(872,362,2,'1899-12-30 10:28:00'),(873,394,2,'1899-12-30 11:01:00'),(874,402,2,'1899-12-30 10:14:00'),(875,407,2,'1899-12-30 09:24:00'),(876,410,2,'1899-12-30 13:02:00'),(877,411,2,'1899-12-30 11:00:00'),(878,415,2,'1899-12-30 12:33:00'),(879,416,2,'1899-12-30 11:34:00'),(880,418,2,'1899-12-30 12:13:00'),(881,427,2,'1899-12-30 14:26:00'),(882,428,2,'1899-12-30 13:08:00'),(883,430,2,'1899-12-30 09:52:00'),(884,439,2,'1899-12-30 11:52:00'),(885,450,2,'1899-12-30 11:38:00'),(886,453,2,'1899-12-30 10:10:00'),(887,454,2,'1899-12-30 10:37:00'),(888,455,2,'1899-12-30 10:38:00'),(889,456,2,'1899-12-30 10:18:00'),(890,457,2,'1899-12-30 12:45:00'),(891,460,2,'1899-12-30 10:09:00'),(892,467,2,'1899-12-30 11:55:00'),(893,469,2,'1899-12-30 13:01:00'),(894,471,2,'1899-12-30 11:07:00'),(895,473,2,'1899-12-30 12:08:00'),(896,478,2,'1899-12-30 12:09:00'),(897,479,2,'1899-12-30 12:08:00'),(898,482,2,'1899-12-30 09:35:00'),(899,484,2,'1899-12-30 11:53:00'),(900,489,2,'1899-12-30 12:01:00'),(901,494,2,'1899-12-30 11:52:00'),(902,496,2,'1899-12-30 09:28:00'),(903,509,2,'1899-12-30 16:06:00'),(904,510,2,'1899-12-30 10:21:00'),(905,511,2,'1899-12-30 12:48:00'),(906,519,2,'1899-12-30 14:19:00'),(907,521,2,'1899-12-30 12:40:00'),(908,523,2,'1899-12-30 10:50:00'),(909,524,2,'1899-12-30 09:12:00'),(910,528,2,'1899-12-30 10:22:00'),(911,531,2,'1899-12-30 11:03:00'),(912,537,2,'1899-12-30 09:29:00'),(913,546,2,'1899-12-30 10:31:00'),(914,549,2,'1899-12-30 10:58:00'),(915,554,2,'1899-12-30 11:29:00'),(916,555,2,'1899-12-30 10:50:00'),(917,565,2,'1899-12-30 09:24:00'),(918,602,2,'1899-12-30 15:08:00'),(919,604,2,'1899-12-30 10:06:00'),(920,608,2,'1899-12-30 10:22:00'),(921,613,2,'1899-12-30 11:54:00'),(922,614,2,'1899-12-30 11:25:00'),(923,616,2,'1899-12-30 12:42:00'),(924,618,2,'1899-12-30 10:30:00'),(925,621,2,'1899-12-30 10:41:00'),(926,622,2,'1899-12-30 12:52:00'),(927,624,2,'1899-12-30 11:21:00'),(928,625,2,'1899-12-30 12:29:00'),(929,626,2,'1899-12-30 11:33:00'),(930,630,2,'1899-12-30 12:13:00'),(931,8,3,'1899-12-30 13:47:00'),(932,15,3,'1899-12-30 15:22:00'),(933,20,3,'1899-12-30 13:33:00'),(934,34,3,'1899-12-30 13:38:00'),(935,38,3,'1899-12-30 14:59:00'),(936,39,3,'1899-12-30 15:47:00'),(937,41,3,'1899-12-30 14:59:00'),(938,43,3,'1899-12-30 14:24:00'),(939,67,3,'1899-12-30 11:07:00'),(940,93,3,'1899-12-30 11:45:00'),(941,138,3,'1899-12-30 14:35:00'),(942,194,3,'1899-12-30 10:30:00'),(943,198,3,'1899-12-30 09:34:00'),(944,256,3,'1899-12-30 09:35:00'),(945,267,3,'1899-12-30 12:10:00'),(946,269,3,'1899-12-30 09:19:00'),(947,276,3,'1899-12-30 09:46:00'),(948,284,3,'1899-12-30 14:27:00'),(949,288,3,'1899-12-30 13:11:00'),(950,291,3,'1899-12-30 13:58:00'),(951,293,3,'1899-12-30 13:01:00'),(952,299,3,'1899-12-30 14:05:00'),(953,303,3,'1899-12-30 13:02:00'),(954,305,3,'1899-12-30 11:06:00'),(955,307,3,'1899-12-30 13:23:00'),(956,312,3,'1899-12-30 09:38:00'),(957,315,3,'1899-12-30 09:32:00'),(958,346,3,'1899-12-30 12:05:00'),(959,355,3,'1899-12-30 09:26:00'),(960,388,3,'1899-12-30 10:10:00'),(961,394,3,'1899-12-30 10:16:00'),(962,402,3,'1899-12-30 10:52:00'),(963,411,3,'1899-12-30 10:16:00'),(964,418,3,'1899-12-30 11:16:00'),(965,427,3,'1899-12-30 11:02:00'),(966,432,3,'1899-12-30 12:13:00'),(967,438,3,'1899-12-30 09:39:00'),(968,439,3,'1899-12-30 13:43:00'),(969,443,3,'1899-12-30 12:49:00'),(970,446,3,'1899-12-30 12:49:00'),(971,455,3,'1899-12-30 12:30:00'),(972,469,3,'1899-12-30 09:28:00'),(973,471,3,'1899-12-30 09:32:00'),(974,472,3,'1899-12-30 11:21:00'),(975,473,3,'1899-12-30 10:08:00'),(976,477,3,'1899-12-30 10:48:00'),(977,478,3,'1899-12-30 10:15:00'),(978,480,3,'1899-12-30 10:08:00'),(979,485,3,'1899-12-30 11:32:00'),(980,486,3,'1899-12-30 09:39:00'),(981,488,3,'1899-12-30 14:22:00'),(982,489,3,'1899-12-30 11:32:00'),(983,490,3,'1899-12-30 12:22:00'),(984,494,3,'1899-12-30 10:07:00'),(985,496,3,'1899-12-30 09:18:00'),(986,508,3,'1899-12-30 10:11:00'),(987,511,3,'1899-12-30 12:30:00'),(988,513,3,'1899-12-30 12:18:00'),(989,516,3,'1899-12-30 10:33:00'),(990,519,3,'1899-12-30 12:20:00'),(991,524,3,'1899-12-30 09:25:00'),(992,547,3,'1899-12-30 12:11:00'),(993,552,3,'1899-12-30 11:27:00'),(994,554,3,'1899-12-30 12:35:00'),(995,555,3,'1899-12-30 11:17:00'),(996,604,3,'1899-12-30 10:54:00'),(997,608,3,'1899-12-30 10:52:00'),(998,613,3,'1899-12-30 09:49:00'),(999,616,3,'1899-12-30 12:44:00'),(1000,618,3,'1899-12-30 09:42:00'),(1001,621,3,'1899-12-30 09:52:00'),(1002,624,3,'1899-12-30 10:53:00'),(1003,627,3,'1899-12-30 13:14:00'),(1004,8,4,'1899-12-30 11:17:00'),(1005,15,4,'1899-12-30 14:22:00'),(1006,34,4,'1899-12-30 14:05:00'),(1007,38,4,'1899-12-30 15:08:00'),(1008,41,4,'1899-12-30 15:17:00'),(1009,58,4,'1899-12-30 09:46:00'),(1010,67,4,'1899-12-30 12:11:00'),(1011,144,4,'1899-12-30 09:43:00'),(1012,178,4,'1899-12-30 09:21:00'),(1013,180,4,'1899-12-30 09:10:00'),(1014,181,4,'1899-12-30 11:24:00'),(1015,198,4,'1899-12-30 09:09:00'),(1016,237,4,'1899-12-30 10:05:00'),(1017,239,4,'1899-12-30 10:04:00'),(1018,256,4,'1899-12-30 13:02:00'),(1019,257,4,'1899-12-30 14:08:00'),(1020,276,4,'1899-12-30 10:54:00'),(1021,291,4,'1899-12-30 13:11:00'),(1022,296,4,'1899-12-30 12:15:00'),(1023,299,4,'1899-12-30 11:38:00'),(1024,300,4,'1899-12-30 14:02:00'),(1025,301,4,'1899-12-30 13:25:00'),(1026,307,4,'1899-12-30 11:11:00'),(1027,313,4,'1899-12-30 15:50:00'),(1028,341,4,'1899-12-30 12:50:00'),(1029,346,4,'1899-12-30 12:57:00'),(1030,348,4,'1899-12-30 10:54:00'),(1031,355,4,'1899-12-30 10:08:00'),(1032,361,4,'1899-12-30 09:25:00'),(1033,362,4,'1899-12-30 09:42:00'),(1034,394,4,'1899-12-30 10:32:00'),(1035,402,4,'1899-12-30 09:50:00'),(1036,409,4,'1899-12-30 11:55:00'),(1037,410,4,'1899-12-30 08:45:00'),(1038,411,4,'1899-12-30 09:37:00'),(1039,414,4,'1899-12-30 14:46:00'),(1040,415,4,'1899-12-30 08:45:00'),(1041,428,4,'1899-12-30 08:44:00'),(1042,430,4,'1899-12-30 09:20:00'),(1043,432,4,'1899-12-30 10:00:00'),(1044,437,4,'1899-12-30 09:48:00'),(1045,439,4,'1899-12-30 12:37:00'),(1046,443,4,'1899-12-30 09:49:00'),(1047,447,4,'1899-12-30 09:56:00'),(1048,455,4,'1899-12-30 10:30:00'),(1049,458,4,'1899-12-30 10:55:00'),(1050,463,4,'1899-12-30 13:15:00'),(1051,466,4,'1899-12-30 11:28:00'),(1052,469,4,'1899-12-30 12:58:00'),(1053,471,4,'1899-12-30 13:00:00'),(1054,477,4,'1899-12-30 11:54:00'),(1055,478,4,'1899-12-30 09:40:00'),(1056,482,4,'1899-12-30 09:22:00'),(1057,489,4,'1899-12-30 12:13:00'),(1058,496,4,'1899-12-30 09:40:00'),(1059,498,4,'1899-12-30 14:27:00'),(1060,502,4,'1899-12-30 10:36:00'),(1061,504,4,'1899-12-30 11:49:00'),(1062,508,4,'1899-12-30 10:38:00'),(1063,517,4,'1899-12-30 10:01:00'),(1064,527,4,'1899-12-30 10:28:00'),(1065,528,4,'1899-12-30 14:08:00'),(1066,540,4,'1899-12-30 12:57:00'),(1067,546,4,'1899-12-30 10:31:00'),(1068,555,4,'1899-12-30 10:49:00'),(1069,601,4,'1899-12-30 11:14:00'),(1070,604,4,'1899-12-30 12:14:00'),(1071,611,4,'1899-12-30 14:00:00'),(1072,613,4,'1899-12-30 13:03:00'),(1073,618,4,'1899-12-30 10:16:00'),(1074,621,4,'1899-12-30 09:50:00'),(1075,622,4,'1899-12-30 12:53:00'),(1076,623,4,'1899-12-30 13:04:00'),(1077,624,4,'1899-12-30 10:50:00'),(1078,625,4,'1899-12-30 11:45:00'),(1079,626,4,'1899-12-30 10:23:00'),(1080,627,4,'1899-12-30 12:59:00'),(1081,628,4,'1899-12-30 10:52:00'),(1082,8,5,'1899-12-30 11:19:00'),(1083,34,5,'1899-12-30 13:35:00'),(1084,36,5,'1899-12-30 10:20:00'),(1085,38,5,'1899-12-30 13:46:00'),(1086,40,5,'1899-12-30 13:43:00'),(1087,41,5,'1899-12-30 12:58:00'),(1088,43,5,'1899-12-30 12:55:00'),(1089,45,5,'1899-12-30 14:51:00'),(1090,46,5,'1899-12-30 14:23:00'),(1091,75,5,'1899-12-30 14:56:00'),(1092,93,5,'1899-12-30 10:46:00'),(1093,180,5,'1899-12-30 09:37:00'),(1094,206,5,'1899-12-30 14:07:00'),(1095,248,5,'1899-12-30 13:34:00'),(1096,250,5,'1899-12-30 15:10:00'),(1097,252,5,'1899-12-30 13:16:00'),(1098,256,5,'1899-12-30 09:51:00'),(1099,265,5,'1899-12-30 14:02:00'),(1100,307,5,'1899-12-30 13:32:00'),(1101,313,5,'1899-12-30 09:35:00'),(1102,318,5,'1899-12-30 10:08:00'),(1103,346,5,'1899-12-30 12:50:00'),(1104,348,5,'1899-12-30 11:35:00'),(1105,361,5,'1899-12-30 11:24:00'),(1106,362,5,'1899-12-30 10:39:00'),(1107,391,5,'1899-12-30 12:23:00'),(1108,394,5,'1899-12-30 10:04:00'),(1109,402,5,'1899-12-30 09:57:00'),(1110,410,5,'1899-12-30 09:36:00'),(1111,411,5,'1899-12-30 09:38:00'),(1112,418,5,'1899-12-30 10:40:00'),(1113,425,5,'1899-12-30 12:56:00'),(1114,426,5,'1899-12-30 10:40:00'),(1115,427,5,'1899-12-30 10:44:00'),(1116,439,5,'1899-12-30 09:38:00'),(1117,443,5,'1899-12-30 09:47:00'),(1118,447,5,'1899-12-30 11:03:00'),(1119,453,5,'1899-12-30 11:00:00'),(1120,454,5,'1899-12-30 10:55:00'),(1121,457,5,'1899-12-30 10:37:00'),(1122,461,5,'1899-12-30 10:35:00'),(1123,462,5,'1899-12-30 11:14:00'),(1124,467,5,'1899-12-30 10:35:00'),(1125,473,5,'1899-12-30 14:29:00'),(1126,476,5,'1899-12-30 16:07:00'),(1127,478,5,'1899-12-30 09:36:00'),(1128,482,5,'1899-12-30 09:50:00'),(1129,484,5,'1899-12-30 16:16:00'),(1130,489,5,'1899-12-30 10:43:00'),(1131,494,5,'1899-12-30 16:15:00'),(1132,496,5,'1899-12-30 10:05:00'),(1133,502,5,'1899-12-30 09:35:00'),(1134,514,5,'1899-12-30 10:08:00'),(1135,519,5,'1899-12-30 14:47:00'),(1136,523,5,'1899-12-30 11:12:00'),(1137,524,5,'1899-12-30 09:48:00'),(1138,528,5,'1899-12-30 10:58:00'),(1139,530,5,'1899-12-30 10:58:00'),(1140,536,5,'1899-12-30 11:43:00'),(1141,547,5,'1899-12-30 11:19:00'),(1142,549,5,'1899-12-30 10:38:00'),(1143,555,5,'1899-12-30 10:46:00'),(1144,556,5,'1899-12-30 11:13:00'),(1145,561,5,'1899-12-30 10:46:00'),(1146,608,5,'1899-12-30 10:04:00'),(1147,616,5,'1899-12-30 14:35:00'),(1148,618,5,'1899-12-30 10:06:00'),(1149,621,5,'1899-12-30 09:48:00'),(1150,627,5,'1899-12-30 12:29:00'),(1151,633,5,'1899-12-30 13:24:00'),(1152,635,5,'1899-12-30 10:33:00'),(1153,638,5,'1899-12-30 13:24:00'),(1154,639,5,'1899-12-30 09:36:00'),(1155,640,5,'1899-12-30 14:35:00'),(1156,641,5,'1899-12-30 10:36:00'),(1157,643,5,'1899-12-30 09:55:00'),(1158,646,5,'1899-12-30 10:55:00'),(1159,648,5,'1899-12-30 10:17:00'),(1160,650,5,'1899-12-30 10:19:00'),(1161,654,5,'1899-12-30 10:18:00'),(1162,656,5,'1899-12-30 12:28:00'),(1163,665,5,'1899-12-30 10:18:00'),(1164,669,5,'1899-12-30 11:21:00'),(1165,670,5,'1899-12-30 13:25:00'),(1166,671,5,'1899-12-30 16:27:00'),(1167,672,5,'1899-12-30 16:27:00'),(1168,633,7,'0000-00-00 00:00:00'),(1169,425,7,'0000-00-00 00:00:00'),(1170,416,7,'0000-00-00 00:00:00'),(1171,418,7,'0000-00-00 00:00:00'),(1172,409,7,'0000-00-00 00:00:00'),(1173,407,7,'0000-00-00 00:00:00'),(1174,411,7,'0000-00-00 00:00:00'),(1175,675,7,'0000-00-00 00:00:00'),(1176,682,7,'0000-00-00 00:00:00'),(1177,678,7,'0000-00-00 00:00:00'),(1178,681,7,'0000-00-00 00:00:00'),(1179,674,7,'0000-00-00 00:00:00'),(1180,546,7,'0000-00-00 00:00:00'),(1181,686,7,'0000-00-00 00:00:00'),(1182,517,7,'0000-00-00 00:00:00'),(1183,547,7,'0000-00-00 00:00:00'),(1184,361,7,'0000-00-00 00:00:00'),(1185,561,7,'0000-00-00 00:00:00'),(1186,626,7,'0000-00-00 00:00:00'),(1187,362,7,'0000-00-00 00:00:00'),(1188,463,7,'0000-00-00 00:00:00'),(1189,473,7,'0000-00-00 00:00:00'),(1190,478,7,'0000-00-00 00:00:00'),(1191,496,7,'0000-00-00 00:00:00'),(1192,513,7,'0000-00-00 00:00:00'),(1194,502,7,'0000-00-00 00:00:00'),(1196,149,7,'0000-00-00 00:00:00'),(1197,76,7,'0000-00-00 00:00:00'),(1198,118,7,'0000-00-00 00:00:00'),(1199,64,7,'0000-00-00 00:00:00'),(1200,163,7,'0000-00-00 00:00:00'),(1201,482,7,'0000-00-00 00:00:00'),(1203,63,7,'0000-00-00 00:00:00'),(1204,402,7,'0000-00-00 00:00:00'),(1205,41,7,'0000-00-00 00:00:00'),(1206,60,7,'0000-00-00 00:00:00'),(1207,628,7,'0000-00-00 00:00:00'),(1208,397,7,'0000-00-00 00:00:00'),(1210,87,7,'0000-00-00 00:00:00'),(1211,61,7,'0000-00-00 00:00:00'),(1212,69,7,'0000-00-00 00:00:00'),(1213,46,7,'0000-00-00 00:00:00'),(1214,328,7,'0000-00-00 00:00:00'),(1215,45,7,'0000-00-00 00:00:00'),(1218,39,7,'0000-00-00 00:00:00'),(1220,645,7,'0000-00-00 00:00:00'),(1222,6,7,'0000-00-00 00:00:00'),(1223,71,7,'0000-00-00 00:00:00'),(1224,717,7,'0000-00-00 00:00:00'),(1225,724,7,'0000-00-00 00:00:00'),(1226,22,7,'0000-00-00 00:00:00'),(1228,34,7,'0000-00-00 00:00:00'),(1229,38,7,'0000-00-00 00:00:00'),(1230,299,7,'0000-00-00 00:00:00'),(1231,638,7,'0000-00-00 00:00:00'),(1232,7,7,'0000-00-00 00:00:00'),(1233,165,7,'0000-00-00 00:00:00'),(1234,119,7,'0000-00-00 00:00:00'),(1235,144,7,'0000-00-00 00:00:00'),(1236,654,7,'0000-00-00 00:00:00'),(1237,79,7,'0000-00-00 00:00:00'),(1239,130,7,'0000-00-00 00:00:00'),(1240,269,7,'0000-00-00 00:00:00'),(1241,181,7,'0000-00-00 00:00:00'),(1242,477,7,'0000-00-00 00:00:00'),(1243,50,7,'0000-00-00 00:00:00'),(1244,489,7,'0000-00-00 00:00:00'),(1245,157,7,'0000-00-00 00:00:00'),(1246,648,7,'0000-00-00 00:00:00'),(1247,685,7,'0000-00-00 00:00:00'),(1248,264,7,'0000-00-00 00:00:00'),(1249,256,7,'0000-00-00 00:00:00'),(1250,701,7,'0000-00-00 00:00:00'),(1251,379,7,'0000-00-00 00:00:00'),(1252,303,7,'0000-00-00 00:00:00'),(1253,410,7,'0000-00-00 00:00:00'),(1254,300,7,'0000-00-00 00:00:00'),(1255,415,7,'0000-00-00 00:00:00'),(1256,480,7,'0000-00-00 00:00:00'),(1257,443,7,'0000-00-00 00:00:00'),(1258,341,7,'0000-00-00 00:00:00'),(1259,346,7,'0000-00-00 00:00:00'),(1260,604,7,'0000-00-00 00:00:00'),(1261,608,7,'0000-00-00 00:00:00'),(1262,550,7,'0000-00-00 00:00:00'),(1263,618,7,'0000-00-00 00:00:00'),(1264,606,7,'0000-00-00 00:00:00'),(1265,629,7,'0000-00-00 00:00:00'),(1266,616,7,'0000-00-00 00:00:00'),(1267,313,7,'0000-00-00 00:00:00'),(1268,609,7,'0000-00-00 00:00:00'),(1269,621,7,'0000-00-00 00:00:00'),(1270,706,7,'0000-00-00 00:00:00'),(1272,664,7,'0000-00-00 00:00:00'),(1273,305,7,'0000-00-00 00:00:00'),(1274,653,7,'0000-00-00 00:00:00'),(1275,312,7,'0000-00-00 00:00:00'),(1276,640,7,'0000-00-00 00:00:00'),(1277,643,7,'0000-00-00 00:00:00'),(1278,634,7,'0000-00-00 00:00:00'),(1279,138,7,'0000-00-00 00:00:00'),(1280,639,7,'0000-00-00 00:00:00'),(1281,637,7,'0000-00-00 00:00:00'),(1282,394,7,'0000-00-00 00:00:00'),(1283,627,7,'0000-00-00 00:00:00'),(1284,315,7,'0000-00-00 00:00:00'),(1285,310,7,'0000-00-00 00:00:00'),(1286,265,7,'0000-00-00 00:00:00'),(1287,391,7,'0000-00-00 00:00:00'),(1288,718,7,'0000-00-00 00:00:00'),(1289,697,7,'0000-00-00 00:00:00'),(1290,455,7,'0000-00-00 00:00:00'),(1291,564,7,'0000-00-00 00:00:00'),(1292,301,7,'0000-00-00 00:00:00'),(1293,291,7,'0000-00-00 00:00:00'),(1294,522,7,'0000-00-00 00:00:00'),(1295,691,7,'0000-00-00 00:00:00'),(1296,694,7,'0000-00-00 00:00:00'),(1297,703,7,'0000-00-00 00:00:00'),(1298,307,7,'0000-00-00 00:00:00'),(1299,104,7,'0000-00-00 00:00:00'),(1300,472,7,'0000-00-00 00:00:00'),(1301,428,7,'0000-00-00 00:00:00'),(1302,309,7,'0000-00-00 00:00:00'),(1303,716,7,'0000-00-00 00:00:00'),(1304,673,7,'0000-00-00 00:00:00'),(1305,710,7,'0000-00-00 00:00:00'),(1306,439,7,'0000-00-00 00:00:00'),(1307,495,7,'0000-00-00 00:00:00'),(1308,688,7,'0000-00-00 00:00:00'),(1309,704,7,'0000-00-00 00:00:00'),(1311,705,7,'0000-00-00 00:00:00'),(1312,711,7,'0000-00-00 00:00:00'),(1313,708,7,'0000-00-00 00:00:00'),(1314,549,7,'0000-00-00 00:00:00'),(1315,715,7,'0000-00-00 00:00:00'),(1316,319,7,'0000-00-00 00:00:00'),(1317,647,7,'0000-00-00 00:00:00'),(1318,658,7,'0000-00-00 00:00:00'),(1319,293,7,'0000-00-00 00:00:00'),(1320,283,7,'0000-00-00 00:00:00'),(1321,709,7,'0000-00-00 00:00:00'),(1322,454,7,'0000-00-00 00:00:00'),(1323,189,7,'0000-00-00 00:00:00'),(1324,613,7,'0000-00-00 00:00:00'),(1325,624,7,'0000-00-00 00:00:00'),(1326,471,7,'0000-00-00 00:00:00'),(1327,494,7,'0000-00-00 00:00:00'),(1328,485,7,'0000-00-00 00:00:00'),(1329,690,7,'0000-00-00 00:00:00'),(1330,699,7,'0000-00-00 00:00:00'),(1331,661,7,'0000-00-00 00:00:00'),(1332,669,7,'0000-00-00 00:00:00'),(1333,695,7,'0000-00-00 00:00:00'),(1334,468,7,'0000-00-00 00:00:00'),(1335,297,7,'0000-00-00 00:00:00'),(1336,70,7,'0000-00-00 00:00:00'),(1337,722,7,'0000-00-00 00:00:00');
/*!40000 ALTER TABLE `Participation` ENABLE KEYS */;
UNLOCK TABLES;

--
-- Table structure for table `shirt`
--

DROP TABLE IF EXISTS `shirt`;
/*!40101 SET @saved_cs_client     = @@character_set_client */;
/*!40101 SET character_set_client = utf8 */;
CREATE TABLE `shirt` (
  `ID` int(11) NOT NULL,
  `shirtsize` varchar(45) COLLATE utf8_unicode_ci NOT NULL,
  `thingsget` tinyint(4) NOT NULL DEFAULT '0',
  `shirtget` tinyint(4) NOT NULL DEFAULT '0',
  `checkedin` tinyint(4) NOT NULL DEFAULT '0',
  PRIMARY KEY (`ID`),
  UNIQUE KEY `memberid_UNIQUE` (`ID`),
  KEY `member_idx` (`ID`),
  CONSTRAINT `member` FOREIGN KEY (`ID`) REFERENCES `ClubMember` (`ID`) ON DELETE CASCADE ON UPDATE CASCADE
) ENGINE=InnoDB DEFAULT CHARSET=utf8 COLLATE=utf8_unicode_ci;
/*!40101 SET character_set_client = @saved_cs_client */;

--
-- Dumping data for table `shirt`
--

LOCK TABLES `shirt` WRITE;
/*!40000 ALTER TABLE `shirt` DISABLE KEYS */;
INSERT INTO `shirt` VALUES (7,'L รอบอก 42',0,0,0),(9,'XL รอบอก 44',0,0,0),(20,'XXL รอบอก 46',0,0,0),(33,'XL รอบอก 44',0,0,0),(34,'L รอบอก 42',0,0,0),(38,'XL รอบอก 44',0,0,0),(40,'L รอบอก 42',0,0,0),(41,'L รอบอก 42',0,0,0),(43,'M รอบอก 40',0,0,0),(50,'XXL รอบอก 46',0,0,0),(53,'XL รอบอก 44',0,0,0),(59,'XXL รอบอก 46',0,0,0),(66,'XXL รอบอก 46',0,0,0),(68,'XXL รอบอก 46',0,0,0),(69,'L รอบอก 42',0,0,0),(70,'XL รอบอก 44',0,0,0),(76,'L รอบอก 42',0,0,0),(93,'XL รอบอก 44',0,0,0),(104,'L รอบอก 42',0,0,0),(108,'L รอบอก 42',0,0,0),(109,'XL รอบอก 44',0,0,0),(123,'XL รอบอก 44',0,0,0),(130,'XL รอบอก 44',0,0,0),(144,'XXL รอบอก 46',0,0,0),(165,'XL รอบอก 44',0,0,0),(177,'M รอบอก 40',0,0,0),(179,'XL รอบอก 44',0,0,0),(181,'L รอบอก 42',0,0,0),(198,'XL รอบอก 44',0,0,0),(200,'S รอบอก 38',0,0,0),(251,'XL รอบอก 44',0,0,0),(255,'M รอบอก 40',0,0,0),(256,'4XL (54\')',0,0,0),(259,'M รอบอก 40',0,0,0),(260,'S รอบอก 38',0,0,0),(264,'XXL รอบอก 46',0,0,0),(268,'XL รอบอก 44',0,0,0),(269,'M รอบอก 40',0,0,0),(271,'L รอบอก 42',0,0,0),(276,'L รอบอก 42',0,0,0),(277,'XL รอบอก 44',0,0,0),(286,'XS รอบอก 36',0,0,0),(291,'L รอบอก 42',0,0,0),(293,'L รอบอก 42',0,0,0),(296,'M รอบอก 40',0,0,0),(297,'XL รอบอก 44',0,0,0),(299,'XL รอบอก 44',0,0,0),(300,'L รอบอก 42',0,0,0),(303,'L รอบอก 42',0,0,0),(310,'XL รอบอก 44',0,0,0),(312,'M รอบอก 40',0,0,0),(313,'L รอบอก 42',0,0,0),(315,'M รอบอก 40',0,0,0),(318,'L รอบอก 42',0,0,0),(322,'XL รอบอก 44',0,0,0),(328,'M รอบอก 40',0,0,0),(337,'M รอบอก 40',0,0,0),(341,'M รอบอก 40',0,0,0),(342,'XL รอบอก 44',0,0,0),(344,'L รอบอก 42',0,0,0),(346,'XL รอบอก 44',0,0,0),(361,'L รอบอก 42',0,0,0),(362,'L รอบอก 42',0,0,0),(379,'L รอบอก 42',0,0,0),(380,'S รอบอก 38',0,0,0),(382,'M รอบอก 40',0,0,0),(394,'XL รอบอก 44',0,0,0),(400,'L รอบอก 42',0,0,0),(402,'XL รอบอก 44',0,0,0),(407,'XXL รอบอก 46',0,0,0),(409,'L รอบอก 42',0,0,0),(410,'XL รอบอก 44',0,0,0),(411,'XL รอบอก 44',0,0,0),(415,'M รอบอก 40',0,0,0),(420,'L รอบอก 42',0,0,0),(428,'XXL รอบอก 46',0,0,0),(432,'XL รอบอก 44',0,0,0),(437,'L รอบอก 42',0,0,0),(438,'M รอบอก 40',0,0,0),(440,'XS รอบอก 36',0,0,0),(443,'S รอบอก 38',0,0,0),(445,'XS รอบอก 36',0,0,0),(447,'L รอบอก 42',0,0,0),(448,'S รอบอก 38',0,0,0),(449,'L รอบอก 42',0,0,0),(454,'M รอบอก 40',0,0,0),(455,'L รอบอก 42',0,0,0),(457,'M รอบอก 40',0,0,0),(460,'M รอบอก 40',0,0,0),(461,'L รอบอก 42',0,0,0),(463,'XL รอบอก 44',0,0,0),(466,'M รอบอก 40',0,0,0),(467,'XXL รอบอก 46',0,0,0),(468,'XXL รอบอก 46',0,0,0),(471,'L รอบอก 42',0,0,0),(473,'M รอบอก 40',0,0,0),(476,'L รอบอก 42',0,0,0),(478,'M รอบอก 40',0,0,0),(480,'XS รอบอก 36',0,0,0),(485,'L รอบอก 42',0,0,0),(488,'XL รอบอก 44',0,0,0),(489,'S รอบอก 38',0,0,0),(494,'S รอบอก 38',0,0,0),(495,'S รอบอก 38',0,0,0),(496,'XXL รอบอก 46',0,0,0),(501,'XL รอบอก 44',0,0,0),(502,'L รอบอก 42',0,0,0),(509,'M รอบอก 40',0,0,0),(510,'M รอบอก 40',0,0,0),(513,'L รอบอก 42',0,0,0),(514,'L รอบอก 42',0,0,0),(517,'L รอบอก 42',0,0,0),(518,'XS รอบอก 36',0,0,0),(522,'XS รอบอก 36',0,0,0),(524,'XXL รอบอก 46',0,0,0),(525,'L รอบอก 42',0,0,0),(530,'S รอบอก 38',0,0,0),(536,'L รอบอก 42',0,0,0),(537,'L รอบอก 42',0,0,0),(546,'M รอบอก 40',0,0,0),(547,'L รอบอก 42',0,0,0),(550,'S รอบอก 38',0,0,0),(556,'XL รอบอก 44',0,0,0),(561,'XL รอบอก 44',0,0,0),(563,'L รอบอก 42',0,0,0),(603,'L รอบอก 42',0,0,0),(604,'M รอบอก 40',0,0,0),(606,'S รอบอก 38',0,0,0),(608,'M รอบอก 40',0,0,0),(609,'M รอบอก 40',0,0,0),(613,'L รอบอก 42',0,0,0),(618,'L รอบอก 42',0,0,0),(621,'L รอบอก 42',0,0,0),(623,'',0,0,0),(624,'XL รอบอก 44',0,0,0),(626,'L รอบอก 42',0,0,0),(627,'S รอบอก 38',0,0,0),(628,'XL รอบอก 44',0,0,0),(629,'S รอบอก 38',0,0,0),(634,'XS รอบอก 36',0,0,0),(636,'L รอบอก 42',0,0,0),(637,'S รอบอก 38',0,0,0),(639,'M รอบอก 40',0,0,0),(640,'M รอบอก 40',0,0,0),(641,'L รอบอก 42',0,0,0),(643,'M รอบอก 40',0,0,0),(645,'S รอบอก 38',0,0,0),(647,'S รอบอก 38',0,0,0),(648,'L รอบอก 42',0,0,0),(649,'L รอบอก 42',0,0,0),(653,'M รอบอก 40',0,0,0),(654,'L รอบอก 42',0,0,0),(660,'S รอบอก 38',0,0,0),(665,'L รอบอก 42',0,0,0),(669,'S รอบอก 38',0,0,0),(673,'M รอบอก 40',0,0,0),(674,'XL รอบอก 44',0,0,0),(675,'L รอบอก 42',0,0,0),(679,'S รอบอก 38',0,0,0),(680,'L รอบอก 42',0,0,0),(681,'M รอบอก 40',0,0,0),(682,'L รอบอก 42',0,0,0),(685,'L รอบอก 42',0,0,0),(686,'S รอบอก 38',0,0,0),(689,'L รอบอก 42',0,0,0),(690,'S รอบอก 38',0,0,0),(691,'M รอบอก 40',0,0,0),(694,'S รอบอก 38',0,0,0),(696,'S รอบอก 38',0,0,0),(698,'S รอบอก 38',0,0,0),(699,'L รอบอก 42',0,0,0),(701,'M รอบอก 40',0,0,0),(703,'L รอบอก 42',0,0,0),(705,'XXL รอบอก 46',0,0,0),(708,'3XL',0,0,0),(711,'M รอบอก 40',0,0,0),(712,'XL รอบอก 44',0,0,0),(715,'L รอบอก 42',0,0,0),(716,'M รอบอก 40',0,0,0),(718,'XL รอบอก 44',0,0,0),(722,'L รอบอก 42',0,0,0),(724,'L รอบอก 42',0,0,0);
/*!40000 ALTER TABLE `shirt` ENABLE KEYS */;
UNLOCK TABLES;
/*!40103 SET TIME_ZONE=@OLD_TIME_ZONE */;

/*!40101 SET SQL_MODE=@OLD_SQL_MODE */;
/*!40014 SET FOREIGN_KEY_CHECKS=@OLD_FOREIGN_KEY_CHECKS */;
/*!40014 SET UNIQUE_CHECKS=@OLD_UNIQUE_CHECKS */;
/*!40101 SET CHARACTER_SET_CLIENT=@OLD_CHARACTER_SET_CLIENT */;
/*!40101 SET CHARACTER_SET_RESULTS=@OLD_CHARACTER_SET_RESULTS */;
/*!40101 SET COLLATION_CONNECTION=@OLD_COLLATION_CONNECTION */;
/*!40111 SET SQL_NOTES=@OLD_SQL_NOTES */;

-- Dump completed on 2018-08-12 18:45:54
